ticker_1,ticker_2,ticker_3,sector,johansen_rank,cointegrated,rank2,trace_stat_0,trace_cv_0,trace_stat_1,trace_cv_1,w1,w2,w3,half_life_days,hl_tradeable
SUNPHARMA.NS,CIPLA.NS,DRREDDY.NS,pharma,0,False,False,19.7723,29.7961,7.1064,15.4943,1.0,-1.897401,0.826776,,False
SUNPHARMA.NS,CIPLA.NS,LUPIN.NS,pharma,0,False,False,9.5482,29.7961,1.4282,15.4943,1.0,-1.433386,0.127782,,False
SUNPHARMA.NS,CIPLA.NS,AUROPHARMA.NS,pharma,0,False,False,13.9276,29.7961,3.0437,15.4943,1.0,-1.498549,0.405763,,False
SUNPHARMA.NS,CIPLA.NS,DIVISLAB.NS,pharma,0,False,False,16.7356,29.7961,7.3078,15.4943,1.0,-1.657092,0.354731,,False
SUNPHARMA.NS,CIPLA.NS,TORNTPHARM.NS,pharma,0,False,False,27.2348,29.7961,10.6148,15.4943,1.0,0.472663,-1.96414,,False
SUNPHARMA.NS,CIPLA.NS,ALKEM.NS,pharma,0,False,False,19.0177,29.7961,5.79,15.4943,1.0,-0.596689,-0.996911,,False
SUNPHARMA.NS,CIPLA.NS,IPCALAB.NS,pharma,0,False,False,18.6018,29.7961,7.8683,15.4943,1.0,-1.648188,0.492465,,False
SUNPHARMA.NS,CIPLA.NS,BIOCON.NS,pharma,0,False,False,25.3049,29.7961,5.7664,15.4943,1.0,-1.239033,0.526567,,False
SUNPHARMA.NS,CIPLA.NS,ABBOTINDIA.NS,pharma,0,False,False,28.0016,29.7961,6.3825,15.4943,1.0,-0.754473,-0.795831,,False
SUNPHARMA.NS,CIPLA.NS,GLAXO.NS,pharma,0,False,False,14.3666,29.7961,4.9851,15.4943,1.0,-1.108396,-0.93444,,False
SUNPHARMA.NS,CIPLA.NS,PFIZER.NS,pharma,0,False,False,16.9458,29.7961,7.5249,15.4943,1.0,-1.361046,0.7125,,False
SUNPHARMA.NS,CIPLA.NS,ZYDUSLIFE.NS,pharma,0,False,False,13.7064,29.7961,4.5984,15.4943,1.0,-1.648407,0.308946,,False
SUNPHARMA.NS,CIPLA.NS,SANOFI.NS,pharma,0,False,False,16.7177,29.7961,7.2013,15.4943,1.0,-1.361118,-0.341872,,False
SUNPHARMA.NS,CIPLA.NS,LAURUSLABS.NS,pharma,0,False,False,20.8181,29.7961,5.2989,15.4943,1.0,-1.566335,0.214648,,False
SUNPHARMA.NS,CIPLA.NS,GRANULES.NS,pharma,0,False,False,18.0246,29.7961,7.2011,15.4943,1.0,-1.840231,0.496997,,False
SUNPHARMA.NS,CIPLA.NS,NATCOPHARM.NS,pharma,0,False,False,14.3189,29.7961,4.8613,15.4943,1.0,-1.480838,0.474344,,False
SUNPHARMA.NS,CIPLA.NS,GLENMARK.NS,pharma,0,False,False,16.8575,29.7961,3.8355,15.4943,1.0,-2.097028,0.763017,,False
SUNPHARMA.NS,DRREDDY.NS,LUPIN.NS,pharma,0,False,False,9.8888,29.7961,2.0242,15.4943,1.0,-4.141829,0.888261,,False
SUNPHARMA.NS,DRREDDY.NS,AUROPHARMA.NS,pharma,0,False,False,18.9735,29.7961,4.9061,15.4943,1.0,-3.382683,1.526494,,False
SUNPHARMA.NS,DRREDDY.NS,DIVISLAB.NS,pharma,0,False,False,19.2752,29.7961,7.024,15.4943,1.0,-2.572371,1.465466,,False
SUNPHARMA.NS,DRREDDY.NS,TORNTPHARM.NS,pharma,0,False,False,27.1625,29.7961,6.4735,15.4943,1.0,1.522185,-2.472323,,False
SUNPHARMA.NS,DRREDDY.NS,ALKEM.NS,pharma,0,False,False,20.1846,29.7961,5.9674,15.4943,1.0,1.267856,-2.79936,,False
SUNPHARMA.NS,DRREDDY.NS,IPCALAB.NS,pharma,0,False,False,19.4686,29.7961,6.6259,15.4943,1.0,-5.25425,4.385515,,False
SUNPHARMA.NS,DRREDDY.NS,BIOCON.NS,pharma,0,False,False,17.8931,29.7961,6.1745,15.4943,1.0,-1.612422,1.22341,,False
SUNPHARMA.NS,DRREDDY.NS,ABBOTINDIA.NS,pharma,0,False,False,25.23,29.7961,9.0803,15.4943,1.0,0.430311,-2.15808,,False
SUNPHARMA.NS,DRREDDY.NS,GLAXO.NS,pharma,0,False,False,13.4087,29.7961,5.6767,15.4943,1.0,-0.951885,-3.782481,,False
SUNPHARMA.NS,DRREDDY.NS,PFIZER.NS,pharma,0,False,False,21.1735,29.7961,6.4432,15.4943,1.0,-2.259915,2.566619,,False
SUNPHARMA.NS,DRREDDY.NS,ZYDUSLIFE.NS,pharma,0,False,False,17.1239,29.7961,3.8465,15.4943,1.0,31.808786,-19.218714,,False
SUNPHARMA.NS,DRREDDY.NS,SANOFI.NS,pharma,0,False,False,20.5496,29.7961,6.6945,15.4943,1.0,-5.767264,7.793304,,False
SUNPHARMA.NS,DRREDDY.NS,LAURUSLABS.NS,pharma,0,False,False,26.5641,29.7961,6.633,15.4943,1.0,-2.433923,0.33904,,False
SUNPHARMA.NS,DRREDDY.NS,GRANULES.NS,pharma,0,False,False,24.9229,29.7961,6.7589,15.4943,1.0,-10.879029,5.846245,,False
SUNPHARMA.NS,DRREDDY.NS,NATCOPHARM.NS,pharma,0,False,False,26.8562,29.7961,7.1352,15.4943,1.0,-2.990035,2.399788,,False
SUNPHARMA.NS,DRREDDY.NS,GLENMARK.NS,pharma,0,False,False,21.7826,29.7961,4.4663,15.4943,1.0,-16.95221,8.021319,,False
SUNPHARMA.NS,LUPIN.NS,AUROPHARMA.NS,pharma,0,False,False,16.753,29.7961,1.9756,15.4943,1.0,-18.331189,16.06907,,False
SUNPHARMA.NS,LUPIN.NS,DIVISLAB.NS,pharma,0,False,False,12.9371,29.7961,5.6634,15.4943,1.0,-0.243916,0.820101,,False
SUNPHARMA.NS,LUPIN.NS,TORNTPHARM.NS,pharma,0,False,False,20.4544,29.7961,2.2554,15.4943,1.0,0.447069,-1.695166,,False
SUNPHARMA.NS,LUPIN.NS,ALKEM.NS,pharma,0,False,False,14.4073,29.7961,1.7113,15.4943,1.0,0.468315,-1.991659,,False
SUNPHARMA.NS,LUPIN.NS,IPCALAB.NS,pharma,0,False,False,14.2019,29.7961,3.6148,15.4943,1.0,2.932429,-6.211857,,False
SUNPHARMA.NS,LUPIN.NS,BIOCON.NS,pharma,0,False,False,8.5474,29.7961,2.6668,15.4943,1.0,-0.444467,2.721602,,False
SUNPHARMA.NS,LUPIN.NS,ABBOTINDIA.NS,pharma,0,False,False,19.255,29.7961,1.9077,15.4943,1.0,-0.227937,-1.874653,,False
SUNPHARMA.NS,LUPIN.NS,GLAXO.NS,pharma,0,False,False,12.9192,29.7961,2.1713,15.4943,1.0,2.114199,-6.527273,,False
SUNPHARMA.NS,LUPIN.NS,PFIZER.NS,pharma,0,False,False,11.4878,29.7961,2.8825,15.4943,1.0,-2.073185,11.50655,,False
SUNPHARMA.NS,LUPIN.NS,ZYDUSLIFE.NS,pharma,0,False,False,10.3805,29.7961,1.9906,15.4943,1.0,1.770666,-2.173689,,False
SUNPHARMA.NS,LUPIN.NS,SANOFI.NS,pharma,0,False,False,13.2064,29.7961,1.4212,15.4943,1.0,5.205569,-12.577298,,False
SUNPHARMA.NS,LUPIN.NS,LAURUSLABS.NS,pharma,0,False,False,19.17,29.7961,6.445,15.4943,1.0,-0.864963,-0.232987,,False
SUNPHARMA.NS,LUPIN.NS,GRANULES.NS,pharma,0,False,False,8.9228,29.7961,2.1597,15.4943,1.0,0.470969,-2.922005,,False
SUNPHARMA.NS,LUPIN.NS,NATCOPHARM.NS,pharma,0,False,False,16.7573,29.7961,2.6824,15.4943,1.0,-1642.867592,2136.883866,,False
SUNPHARMA.NS,LUPIN.NS,GLENMARK.NS,pharma,0,False,False,20.5605,29.7961,1.9423,15.4943,1.0,2.687469,-2.794282,,False
SUNPHARMA.NS,AUROPHARMA.NS,DIVISLAB.NS,pharma,0,False,False,13.3028,29.7961,3.9707,15.4943,1.0,-1.365738,0.930243,,False
SUNPHARMA.NS,AUROPHARMA.NS,TORNTPHARM.NS,pharma,0,False,False,21.439,29.7961,3.3683,15.4943,1.0,0.443482,-1.665918,,False
SUNPHARMA.NS,AUROPHARMA.NS,ALKEM.NS,pharma,0,False,False,16.7675,29.7961,2.9276,15.4943,1.0,0.506631,-2.020866,,False
SUNPHARMA.NS,AUROPHARMA.NS,IPCALAB.NS,pharma,0,False,False,12.9545,29.7961,2.7854,15.4943,1.0,6.980911,-12.218617,,False
SUNPHARMA.NS,AUROPHARMA.NS,BIOCON.NS,pharma,0,False,False,9.0521,29.7961,3.2165,15.4943,1.0,-0.776772,1.992522,,False
SUNPHARMA.NS,AUROPHARMA.NS,ABBOTINDIA.NS,pharma,0,False,False,24.4766,29.7961,4.2667,15.4943,1.0,-0.116612,-1.854313,,False
SUNPHARMA.NS,AUROPHARMA.NS,GLAXO.NS,pharma,0,False,False,15.5992,29.7961,4.32,15.4943,1.0,1.419991,-5.598544,,False
SUNPHARMA.NS,AUROPHARMA.NS,PFIZER.NS,pharma,0,False,False,12.9895,29.7961,3.9791,15.4943,1.0,-1.91158,5.185108,,False
SUNPHARMA.NS,AUROPHARMA.NS,ZYDUSLIFE.NS,pharma,0,False,False,18.0046,29.7961,2.9186,15.4943,1.0,1.660712,-2.106466,,False
SUNPHARMA.NS,AUROPHARMA.NS,SANOFI.NS,pharma,0,False,False,18.0231,29.7961,2.7075,15.4943,1.0,4.204852,-10.253083,,False
SUNPHARMA.NS,AUROPHARMA.NS,LAURUSLABS.NS,pharma,0,False,False,22.9756,29.7961,4.2792,15.4943,1.0,-1.486779,-0.020176,,False
SUNPHARMA.NS,AUROPHARMA.NS,GRANULES.NS,pharma,0,False,False,11.2474,29.7961,3.2882,15.4943,1.0,3.638774,-5.24217,,False
SUNPHARMA.NS,AUROPHARMA.NS,NATCOPHARM.NS,pharma,0,False,False,17.6777,29.7961,3.5334,15.4943,1.0,624.920965,-868.626898,,False
SUNPHARMA.NS,AUROPHARMA.NS,GLENMARK.NS,pharma,0,False,False,18.8244,29.7961,3.1244,15.4943,1.0,1.952139,-2.375191,,False
SUNPHARMA.NS,DIVISLAB.NS,TORNTPHARM.NS,pharma,0,False,False,19.8237,29.7961,7.221,15.4943,1.0,0.125265,-1.394719,,False
SUNPHARMA.NS,DIVISLAB.NS,ALKEM.NS,pharma,0,False,False,21.9303,29.7961,7.714,15.4943,1.0,0.420918,-1.828766,,False
SUNPHARMA.NS,DIVISLAB.NS,IPCALAB.NS,pharma,0,False,False,18.1795,29.7961,8.1513,15.4943,1.0,7.022005,-8.543829,,False
SUNPHARMA.NS,DIVISLAB.NS,BIOCON.NS,pharma,0,False,False,19.6948,29.7961,7.6473,15.4943,1.0,-1.483067,1.857393,,False
SUNPHARMA.NS,DIVISLAB.NS,ABBOTINDIA.NS,pharma,0,False,False,24.9935,29.7961,8.4531,15.4943,1.0,-0.168244,-1.632816,,False
SUNPHARMA.NS,DIVISLAB.NS,GLAXO.NS,pharma,0,False,False,14.7312,29.7961,4.6365,15.4943,1.0,-1.620134,-9.480556,,False
SUNPHARMA.NS,DIVISLAB.NS,PFIZER.NS,pharma,0,False,False,23.1404,29.7961,9.4333,15.4943,1.0,-2.909277,4.897228,,False
SUNPHARMA.NS,DIVISLAB.NS,ZYDUSLIFE.NS,pharma,0,False,False,17.1438,29.7961,7.0285,15.4943,1.0,0.572955,-1.062534,,False
SUNPHARMA.NS,DIVISLAB.NS,SANOFI.NS,pharma,0,False,False,15.9651,29.7961,7.7349,15.4943,1.0,2.299271,-2.331396,,False
SUNPHARMA.NS,DIVISLAB.NS,LAURUSLABS.NS,pharma,0,False,False,26.2867,29.7961,9.0008,15.4943,1.0,8.200123,-3.736553,,False
SUNPHARMA.NS,DIVISLAB.NS,GRANULES.NS,pharma,0,False,False,19.2283,29.7961,6.7793,15.4943,1.0,2.503563,-2.037406,,False
SUNPHARMA.NS,DIVISLAB.NS,NATCOPHARM.NS,pharma,0,False,False,16.494,29.7961,4.9388,15.4943,1.0,18.07768,-22.95225,,False
SUNPHARMA.NS,DIVISLAB.NS,GLENMARK.NS,pharma,0,False,False,16.6669,29.7961,3.2912,15.4943,1.0,0.178641,-0.828653,,False
SUNPHARMA.NS,TORNTPHARM.NS,ALKEM.NS,pharma,0,False,False,27.1717,29.7961,10.1352,15.4943,1.0,-7.711389,7.244641,,False
SUNPHARMA.NS,TORNTPHARM.NS,IPCALAB.NS,pharma,0,False,False,25.1452,29.7961,7.6294,15.4943,1.0,-1.746512,0.638883,,False
SUNPHARMA.NS,TORNTPHARM.NS,BIOCON.NS,pharma,0,False,False,20.797,29.7961,6.3312,15.4943,1.0,-1.324282,0.442044,,False
SUNPHARMA.NS,TORNTPHARM.NS,ABBOTINDIA.NS,pharma,1,True,False,35.6967,29.7961,13.9627,15.4943,1.0,-20.842977,21.895755,31.55,True
SUNPHARMA.NS,TORNTPHARM.NS,GLAXO.NS,pharma,0,False,False,19.1515,29.7961,7.1002,15.4943,1.0,-1.850551,0.934959,,False
SUNPHARMA.NS,TORNTPHARM.NS,PFIZER.NS,pharma,0,False,False,21.2525,29.7961,7.6169,15.4943,1.0,-1.496255,0.653687,,False
SUNPHARMA.NS,TORNTPHARM.NS,ZYDUSLIFE.NS,pharma,0,False,False,22.3912,29.7961,3.0766,15.4943,1.0,-2.381311,0.816289,,False
SUNPHARMA.NS,TORNTPHARM.NS,SANOFI.NS,pharma,0,False,False,28.6701,29.7961,7.3895,15.4943,1.0,-1.946006,1.475049,,False
SUNPHARMA.NS,TORNTPHARM.NS,LAURUSLABS.NS,pharma,0,False,False,23.2509,29.7961,5.1397,15.4943,1.0,-1.275946,0.006761,,False
SUNPHARMA.NS,TORNTPHARM.NS,GRANULES.NS,pharma,0,False,False,23.3202,29.7961,6.7191,15.4943,1.0,-1.88948,0.470928,,False
SUNPHARMA.NS,TORNTPHARM.NS,NATCOPHARM.NS,pharma,0,False,False,21.382,29.7961,5.5995,15.4943,1.0,-1.623015,0.565872,,False
SUNPHARMA.NS,TORNTPHARM.NS,GLENMARK.NS,pharma,0,False,False,23.5318,29.7961,4.2155,15.4943,1.0,-2.188073,0.655029,,False
SUNPHARMA.NS,ALKEM.NS,IPCALAB.NS,pharma,0,False,False,23.4838,29.7961,8.0358,15.4943,1.0,-2.253921,0.952967,,False
SUNPHARMA.NS,ALKEM.NS,BIOCON.NS,pharma,0,False,False,25.3325,29.7961,7.1092,15.4943,1.0,-1.438413,0.619128,,False
SUNPHARMA.NS,ALKEM.NS,ABBOTINDIA.NS,pharma,0,False,False,26.0113,29.7961,9.8861,15.4943,1.0,0.824216,-2.79363,,False
SUNPHARMA.NS,ALKEM.NS,GLAXO.NS,pharma,0,False,False,19.8886,29.7961,7.2631,15.4943,1.0,-2.41292,1.512536,,False
SUNPHARMA.NS,ALKEM.NS,PFIZER.NS,pharma,0,False,False,22.4081,29.7961,7.9784,15.4943,1.0,-1.833429,0.958229,,False
SUNPHARMA.NS,ALKEM.NS,ZYDUSLIFE.NS,pharma,0,False,False,18.1718,29.7961,3.7655,15.4943,1.0,-3.189131,1.111584,,False
SUNPHARMA.NS,ALKEM.NS,SANOFI.NS,pharma,0,False,False,28.0513,29.7961,7.7933,15.4943,1.0,-2.419469,1.961803,,False
SUNPHARMA.NS,ALKEM.NS,LAURUSLABS.NS,pharma,0,False,False,17.8867,29.7961,5.9305,15.4943,1.0,-1.745729,0.067279,,False
SUNPHARMA.NS,ALKEM.NS,GRANULES.NS,pharma,0,False,False,18.1848,29.7961,6.498,15.4943,1.0,-2.201995,0.357194,,False
SUNPHARMA.NS,ALKEM.NS,NATCOPHARM.NS,pharma,0,False,False,20.8373,29.7961,5.1075,15.4943,1.0,-1.994573,0.829969,,False
SUNPHARMA.NS,ALKEM.NS,GLENMARK.NS,pharma,0,False,False,19.0609,29.7961,4.6852,15.4943,1.0,-3.199887,1.054883,,False
SUNPHARMA.NS,IPCALAB.NS,BIOCON.NS,pharma,1,True,False,32.0767,29.7961,6.3347,15.4943,1.0,-1.771635,1.84794,20.56,True
SUNPHARMA.NS,IPCALAB.NS,ABBOTINDIA.NS,pharma,0,False,False,25.4359,29.7961,9.0943,15.4943,1.0,-0.180078,-1.780902,,False
SUNPHARMA.NS,IPCALAB.NS,GLAXO.NS,pharma,0,False,False,17.1893,29.7961,7.4067,15.4943,1.0,2.335211,-5.912918,,False
SUNPHARMA.NS,IPCALAB.NS,PFIZER.NS,pharma,0,False,False,28.2696,29.7961,8.2276,15.4943,1.0,-4.076124,5.363625,,False
SUNPHARMA.NS,IPCALAB.NS,ZYDUSLIFE.NS,pharma,0,False,False,12.5618,29.7961,3.331,15.4943,1.0,4.623272,-2.563736,,False
SUNPHARMA.NS,IPCALAB.NS,SANOFI.NS,pharma,0,False,False,25.2283,29.7961,8.1841,15.4943,1.0,17.066621,-26.588947,,False
SUNPHARMA.NS,IPCALAB.NS,LAURUSLABS.NS,pharma,0,False,False,21.6972,29.7961,6.6803,15.4943,1.0,-7.557206,2.288509,,False
SUNPHARMA.NS,IPCALAB.NS,GRANULES.NS,pharma,0,False,False,24.8393,29.7961,7.7208,15.4943,1.0,6.008725,-4.180802,,False
SUNPHARMA.NS,IPCALAB.NS,NATCOPHARM.NS,pharma,0,False,False,19.7379,29.7961,4.9343,15.4943,1.0,-7.179027,6.727522,,False
SUNPHARMA.NS,IPCALAB.NS,GLENMARK.NS,pharma,0,False,False,15.111,29.7961,3.2382,15.4943,1.0,2.092604,-1.844536,,False
SUNPHARMA.NS,BIOCON.NS,ABBOTINDIA.NS,pharma,1,True,False,30.3272,29.7961,12.2776,15.4943,1.0,0.177303,-1.613173,62.54,True
SUNPHARMA.NS,BIOCON.NS,GLAXO.NS,pharma,0,False,False,14.3592,29.7961,5.8796,15.4943,1.0,0.89434,-2.998276,,False
SUNPHARMA.NS,BIOCON.NS,PFIZER.NS,pharma,0,False,False,23.2976,29.7961,6.6219,15.4943,1.0,3.448652,-4.556043,,False
SUNPHARMA.NS,BIOCON.NS,ZYDUSLIFE.NS,pharma,0,False,False,12.1911,29.7961,4.8313,15.4943,1.0,1.387956,-0.905706,,False
SUNPHARMA.NS,BIOCON.NS,SANOFI.NS,pharma,0,False,False,18.1449,29.7961,6.9692,15.4943,1.0,1.622363,-2.753414,,False
SUNPHARMA.NS,BIOCON.NS,LAURUSLABS.NS,pharma,1,True,False,34.6699,29.7961,5.0235,15.4943,1.0,2.024326,-0.648483,48.58,True
SUNPHARMA.NS,BIOCON.NS,GRANULES.NS,pharma,0,False,False,21.8624,29.7961,6.1528,15.4943,1.0,1.42597,-1.027353,,False
SUNPHARMA.NS,BIOCON.NS,NATCOPHARM.NS,pharma,0,False,False,15.4092,29.7961,4.9073,15.4943,1.0,2.588173,-2.63938,,False
SUNPHARMA.NS,BIOCON.NS,GLENMARK.NS,pharma,0,False,False,12.6093,29.7961,4.1553,15.4943,1.0,0.932624,-0.706919,,False
SUNPHARMA.NS,ABBOTINDIA.NS,GLAXO.NS,pharma,0,False,False,22.3503,29.7961,6.1033,15.4943,1.0,-1.741142,-0.479555,,False
SUNPHARMA.NS,ABBOTINDIA.NS,PFIZER.NS,pharma,0,False,False,23.7792,29.7961,7.851,15.4943,1.0,-1.89523,0.028947,,False
SUNPHARMA.NS,ABBOTINDIA.NS,ZYDUSLIFE.NS,pharma,0,False,False,27.2559,29.7961,3.7677,15.4943,1.0,-2.187126,0.245788,,False
SUNPHARMA.NS,ABBOTINDIA.NS,SANOFI.NS,pharma,0,False,False,25.2434,29.7961,8.8017,15.4943,1.0,-1.859196,-0.054271,,False
SUNPHARMA.NS,ABBOTINDIA.NS,LAURUSLABS.NS,pharma,0,False,False,23.757,29.7961,7.2856,15.4943,1.0,-1.589893,-0.074472,,False
SUNPHARMA.NS,ABBOTINDIA.NS,GRANULES.NS,pharma,0,False,False,25.3431,29.7961,8.2619,15.4943,1.0,-1.74095,-0.017383,,False
SUNPHARMA.NS,ABBOTINDIA.NS,NATCOPHARM.NS,pharma,0,False,False,21.8944,29.7961,5.4226,15.4943,1.0,-1.851364,-0.257875,,False
SUNPHARMA.NS,ABBOTINDIA.NS,GLENMARK.NS,pharma,0,False,False,25.7845,29.7961,4.1719,15.4943,1.0,-2.040325,-0.00998,,False
SUNPHARMA.NS,GLAXO.NS,PFIZER.NS,pharma,0,False,False,16.9341,29.7961,7.6634,15.4943,1.0,-3.258467,1.632422,,False
SUNPHARMA.NS,GLAXO.NS,ZYDUSLIFE.NS,pharma,0,False,False,11.9122,29.7961,4.0803,15.4943,1.0,-15.365806,3.497182,,False
SUNPHARMA.NS,GLAXO.NS,SANOFI.NS,pharma,0,False,False,19.5662,29.7961,7.383,15.4943,1.0,-15.471657,12.485741,,False
SUNPHARMA.NS,GLAXO.NS,LAURUSLABS.NS,pharma,0,False,False,15.9501,29.7961,4.9625,15.4943,1.0,-2.218191,-0.104901,,False
SUNPHARMA.NS,GLAXO.NS,GRANULES.NS,pharma,0,False,False,14.9157,29.7961,6.7334,15.4943,1.0,-3.247296,-0.187315,,False
SUNPHARMA.NS,GLAXO.NS,NATCOPHARM.NS,pharma,0,False,False,15.1557,29.7961,4.8646,15.4943,1.0,-5.876119,2.351688,,False
SUNPHARMA.NS,GLAXO.NS,GLENMARK.NS,pharma,0,False,False,17.8338,29.7961,7.2325,15.4943,1.0,-81.252766,30.249649,,False
SUNPHARMA.NS,PFIZER.NS,ZYDUSLIFE.NS,pharma,0,False,False,12.4636,29.7961,3.616,15.4943,1.0,2.526607,-1.159971,,False
SUNPHARMA.NS,PFIZER.NS,SANOFI.NS,pharma,0,False,False,17.4259,29.7961,7.6258,15.4943,1.0,4.642082,-3.433257,,False
SUNPHARMA.NS,PFIZER.NS,LAURUSLABS.NS,pharma,0,False,False,19.0779,29.7961,7.2675,15.4943,1.0,5.310509,-1.218059,,False
SUNPHARMA.NS,PFIZER.NS,GRANULES.NS,pharma,0,False,False,22.6827,29.7961,6.8034,15.4943,1.0,2.993927,-1.481541,,False
SUNPHARMA.NS,PFIZER.NS,NATCOPHARM.NS,pharma,0,False,False,16.4924,29.7961,4.9054,15.4943,1.0,8.577489,-5.535731,,False
SUNPHARMA.NS,PFIZER.NS,GLENMARK.NS,pharma,0,False,False,14.4319,29.7961,3.5415,15.4943,1.0,1.484214,-1.017985,,False
SUNPHARMA.NS,ZYDUSLIFE.NS,SANOFI.NS,pharma,0,False,False,15.6082,29.7961,3.2874,15.4943,1.0,-3.194086,7.01807,,False
SUNPHARMA.NS,ZYDUSLIFE.NS,LAURUSLABS.NS,pharma,0,False,False,18.5886,29.7961,5.53,15.4943,1.0,-0.940088,0.030633,,False
SUNPHARMA.NS,ZYDUSLIFE.NS,GRANULES.NS,pharma,0,False,False,10.8167,29.7961,3.1088,15.4943,1.0,-6.079674,9.415883,,False
SUNPHARMA.NS,ZYDUSLIFE.NS,NATCOPHARM.NS,pharma,0,False,False,22.1175,29.7961,4.3438,15.4943,1.0,-2.074676,2.266249,,False
SUNPHARMA.NS,ZYDUSLIFE.NS,GLENMARK.NS,pharma,0,False,False,26.5812,29.7961,3.3557,15.4943,1.0,-11.926999,11.38232,,False
SUNPHARMA.NS,SANOFI.NS,LAURUSLABS.NS,pharma,0,False,False,22.9574,29.7961,6.4424,15.4943,1.0,-3.290172,0.162498,,False
SUNPHARMA.NS,SANOFI.NS,GRANULES.NS,pharma,0,False,False,15.415,29.7961,7.691,15.4943,1.0,-2.664492,-1.840468,,False
SUNPHARMA.NS,SANOFI.NS,NATCOPHARM.NS,pharma,0,False,False,23.5978,29.7961,6.0114,15.4943,1.0,-8.721891,5.275955,,False
SUNPHARMA.NS,SANOFI.NS,GLENMARK.NS,pharma,0,False,False,18.8983,29.7961,3.0674,15.4943,1.0,6.326958,-3.280916,,False
SUNPHARMA.NS,LAURUSLABS.NS,GRANULES.NS,pharma,0,False,False,24.1201,29.7961,6.3652,15.4943,1.0,0.996105,-2.411238,,False
SUNPHARMA.NS,LAURUSLABS.NS,NATCOPHARM.NS,pharma,0,False,False,20.226,29.7961,4.3597,15.4943,1.0,1.553882,-7.574405,,False
SUNPHARMA.NS,LAURUSLABS.NS,GLENMARK.NS,pharma,0,False,False,17.7699,29.7961,1.7892,15.4943,1.0,-0.075393,-0.810925,,False
SUNPHARMA.NS,GRANULES.NS,NATCOPHARM.NS,pharma,0,False,False,13.5823,29.7961,6.1219,15.4943,1.0,-2.592444,2.800822,,False
SUNPHARMA.NS,GRANULES.NS,GLENMARK.NS,pharma,0,False,False,14.9841,29.7961,3.7726,15.4943,1.0,2.729276,-2.614323,,False
SUNPHARMA.NS,NATCOPHARM.NS,GLENMARK.NS,pharma,0,False,False,17.6531,29.7961,4.3172,15.4943,1.0,1.943742,-2.014086,,False
CIPLA.NS,DRREDDY.NS,LUPIN.NS,pharma,0,False,False,12.2648,29.7961,2.8081,15.4943,1.0,-2.131406,0.537067,,False
CIPLA.NS,DRREDDY.NS,AUROPHARMA.NS,pharma,0,False,False,20.4653,29.7961,5.3358,15.4943,1.0,-2.2365,0.714991,,False
CIPLA.NS,DRREDDY.NS,DIVISLAB.NS,pharma,0,False,False,17.3855,29.7961,5.3038,15.4943,1.0,-1.707704,0.325445,,False
CIPLA.NS,DRREDDY.NS,TORNTPHARM.NS,pharma,0,False,False,21.8996,29.7961,7.5534,15.4943,1.0,0.408859,-1.452555,,False
CIPLA.NS,DRREDDY.NS,ALKEM.NS,pharma,0,False,False,15.746,29.7961,8.2689,15.4943,1.0,1.020485,-2.263153,,False
CIPLA.NS,DRREDDY.NS,IPCALAB.NS,pharma,0,False,False,19.2857,29.7961,7.4813,15.4943,1.0,-3.09459,1.775273,,False
CIPLA.NS,DRREDDY.NS,BIOCON.NS,pharma,0,False,False,18.6061,29.7961,6.1085,15.4943,1.0,-1.373318,0.532895,,False
CIPLA.NS,DRREDDY.NS,ABBOTINDIA.NS,pharma,0,False,False,21.6992,29.7961,11.0557,15.4943,1.0,-0.252054,-1.30632,,False
CIPLA.NS,DRREDDY.NS,GLAXO.NS,pharma,0,False,False,13.3554,29.7961,5.9667,15.4943,1.0,-2.124076,0.793282,,False
CIPLA.NS,DRREDDY.NS,PFIZER.NS,pharma,0,False,False,18.7481,29.7961,5.4413,15.4943,1.0,-1.862025,1.197724,,False
CIPLA.NS,DRREDDY.NS,ZYDUSLIFE.NS,pharma,0,False,False,18.2456,29.7961,4.6876,15.4943,1.0,-9.734648,4.83509,,False
CIPLA.NS,DRREDDY.NS,SANOFI.NS,pharma,0,False,False,23.1336,29.7961,7.0979,15.4943,1.0,-2.974157,2.771011,,False
CIPLA.NS,DRREDDY.NS,LAURUSLABS.NS,pharma,0,False,False,22.5074,29.7961,4.4259,15.4943,1.0,-1.793857,0.130011,,False
CIPLA.NS,DRREDDY.NS,GRANULES.NS,pharma,0,False,False,22.8808,29.7961,6.843,15.4943,1.0,-6.129495,2.749481,,False
CIPLA.NS,DRREDDY.NS,NATCOPHARM.NS,pharma,0,False,False,25.3726,29.7961,6.0005,15.4943,1.0,-2.191424,1.217345,,False
CIPLA.NS,DRREDDY.NS,GLENMARK.NS,pharma,0,False,False,24.316,29.7961,6.8197,15.4943,1.0,-7.079056,3.048686,,False
CIPLA.NS,LUPIN.NS,AUROPHARMA.NS,pharma,0,False,False,16.0651,29.7961,2.2741,15.4943,1.0,96.79402,-91.609027,,False
CIPLA.NS,LUPIN.NS,DIVISLAB.NS,pharma,0,False,False,12.1476,29.7961,3.749,15.4943,1.0,-0.295373,-0.681511,,False
CIPLA.NS,LUPIN.NS,TORNTPHARM.NS,pharma,0,False,False,19.4423,29.7961,2.5896,15.4943,1.0,0.203635,-1.295814,,False
CIPLA.NS,LUPIN.NS,ALKEM.NS,pharma,0,False,False,10.9317,29.7961,2.6784,15.4943,1.0,0.336724,-1.544995,,False
CIPLA.NS,LUPIN.NS,IPCALAB.NS,pharma,0,False,False,16.5154,29.7961,5.4811,15.4943,1.0,0.764625,-2.011014,,False
CIPLA.NS,LUPIN.NS,BIOCON.NS,pharma,0,False,False,10.4036,29.7961,4.1785,15.4943,1.0,-1.702617,9.4955,,False
CIPLA.NS,LUPIN.NS,ABBOTINDIA.NS,pharma,0,False,False,15.961,29.7961,4.018,15.4943,1.0,-0.223857,-1.655393,,False
CIPLA.NS,LUPIN.NS,GLAXO.NS,pharma,0,False,False,10.5226,29.7961,1.9258,15.4943,1.0,2.185172,-5.813224,,False
CIPLA.NS,LUPIN.NS,PFIZER.NS,pharma,0,False,False,9.2675,29.7961,3.5067,15.4943,1.0,10.015154,-40.368011,,False
CIPLA.NS,LUPIN.NS,ZYDUSLIFE.NS,pharma,0,False,False,12.8322,29.7961,2.1899,15.4943,1.0,1.023911,-1.477122,,False
CIPLA.NS,LUPIN.NS,SANOFI.NS,pharma,0,False,False,14.8568,29.7961,2.5385,15.4943,1.0,2.78219,-6.5279,,False
CIPLA.NS,LUPIN.NS,LAURUSLABS.NS,pharma,0,False,False,20.2394,29.7961,5.7941,15.4943,1.0,-0.453698,-0.324044,,False
CIPLA.NS,LUPIN.NS,GRANULES.NS,pharma,0,False,False,9.4115,29.7961,3.4586,15.4943,1.0,0.070957,-0.885468,,False
CIPLA.NS,LUPIN.NS,NATCOPHARM.NS,pharma,0,False,False,16.5608,29.7961,2.5839,15.4943,1.0,7.173781,-9.362327,,False
CIPLA.NS,LUPIN.NS,GLENMARK.NS,pharma,0,False,False,22.5822,29.7961,3.2888,15.4943,1.0,1.644815,-2.002989,,False
CIPLA.NS,AUROPHARMA.NS,DIVISLAB.NS,pharma,0,False,False,13.0221,29.7961,3.6195,15.4943,1.0,-0.821451,-0.238361,,False
CIPLA.NS,AUROPHARMA.NS,TORNTPHARM.NS,pharma,0,False,False,19.578,29.7961,4.5487,15.4943,1.0,0.068883,-1.22069,,False
CIPLA.NS,AUROPHARMA.NS,ALKEM.NS,pharma,0,False,False,12.581,29.7961,4.6403,15.4943,1.0,0.2945,-1.654069,,False
CIPLA.NS,AUROPHARMA.NS,IPCALAB.NS,pharma,0,False,False,13.3364,29.7961,4.3377,15.4943,1.0,4.194709,-6.642869,,False
CIPLA.NS,AUROPHARMA.NS,BIOCON.NS,pharma,0,False,False,10.11,29.7961,3.916,15.4943,1.0,-0.966611,1.170456,,False
CIPLA.NS,AUROPHARMA.NS,ABBOTINDIA.NS,pharma,0,False,False,21.4979,29.7961,6.4713,15.4943,1.0,-0.282384,-1.480777,,False
CIPLA.NS,AUROPHARMA.NS,GLAXO.NS,pharma,0,False,False,12.8994,29.7961,4.7361,15.4943,1.0,1.84879,-5.381405,,False
CIPLA.NS,AUROPHARMA.NS,PFIZER.NS,pharma,0,False,False,11.7678,29.7961,4.1515,15.4943,1.0,-1.58434,1.607125,,False
CIPLA.NS,AUROPHARMA.NS,ZYDUSLIFE.NS,pharma,0,False,False,16.4173,29.7961,4.3167,15.4943,1.0,1.28572,-1.80333,,False
CIPLA.NS,AUROPHARMA.NS,SANOFI.NS,pharma,0,False,False,17.5258,29.7961,3.8475,15.4943,1.0,3.582295,-8.627827,,False
CIPLA.NS,AUROPHARMA.NS,LAURUSLABS.NS,pharma,0,False,False,25.1969,29.7961,5.5367,15.4943,1.0,-0.864271,-0.200805,,False
CIPLA.NS,AUROPHARMA.NS,GRANULES.NS,pharma,0,False,False,11.6742,29.7961,5.2986,15.4943,1.0,3.889042,-4.115625,,False
CIPLA.NS,AUROPHARMA.NS,NATCOPHARM.NS,pharma,0,False,False,17.145,29.7961,3.9907,15.4943,1.0,53.996277,-70.594536,,False
CIPLA.NS,AUROPHARMA.NS,GLENMARK.NS,pharma,0,False,False,19.6573,29.7961,5.5111,15.4943,1.0,1.122776,-1.702127,,False
CIPLA.NS,DIVISLAB.NS,TORNTPHARM.NS,pharma,0,False,False,18.2533,29.7961,3.6579,15.4943,1.0,-0.133908,-1.01097,,False
CIPLA.NS,DIVISLAB.NS,ALKEM.NS,pharma,0,False,False,12.6197,29.7961,4.3982,15.4943,1.0,0.029598,-1.248311,,False
CIPLA.NS,DIVISLAB.NS,IPCALAB.NS,pharma,0,False,False,16.0755,29.7961,5.1228,15.4943,1.0,4.352417,-6.393272,,False
CIPLA.NS,DIVISLAB.NS,BIOCON.NS,pharma,0,False,False,15.1544,29.7961,4.848,15.4943,1.0,-1.134898,1.241611,,False
CIPLA.NS,DIVISLAB.NS,ABBOTINDIA.NS,pharma,0,False,False,16.7028,29.7961,5.7174,15.4943,1.0,-0.347599,-1.197493,,False
CIPLA.NS,DIVISLAB.NS,GLAXO.NS,pharma,0,False,False,10.1384,29.7961,3.8187,15.4943,1.0,-0.567216,-2.470501,,False
CIPLA.NS,DIVISLAB.NS,PFIZER.NS,pharma,0,False,False,18.6531,29.7961,5.301,15.4943,1.0,-2.554838,3.693923,,False
CIPLA.NS,DIVISLAB.NS,ZYDUSLIFE.NS,pharma,0,False,False,15.4718,29.7961,5.4768,15.4943,1.0,-0.184302,-0.621035,,False
CIPLA.NS,DIVISLAB.NS,SANOFI.NS,pharma,0,False,False,12.8577,29.7961,4.5642,15.4943,1.0,0.354068,-2.960626,,False
CIPLA.NS,DIVISLAB.NS,LAURUSLABS.NS,pharma,0,False,False,23.6871,29.7961,3.9218,15.4943,1.0,4.395507,-2.26664,,False
CIPLA.NS,DIVISLAB.NS,GRANULES.NS,pharma,0,False,False,16.7004,29.7961,4.6253,15.4943,1.0,1.242898,-1.505137,,False
CIPLA.NS,DIVISLAB.NS,NATCOPHARM.NS,pharma,0,False,False,15.5243,29.7961,4.9289,15.4943,1.0,-199.854232,287.72944,,False
CIPLA.NS,DIVISLAB.NS,GLENMARK.NS,pharma,0,False,False,21.4512,29.7961,3.6656,15.4943,1.0,-0.333442,-0.572347,,False
CIPLA.NS,TORNTPHARM.NS,ALKEM.NS,pharma,1,True,False,31.487,29.7961,9.3358,15.4943,1.0,-3.116698,2.258195,24.57,True
CIPLA.NS,TORNTPHARM.NS,IPCALAB.NS,pharma,0,False,False,22.3678,29.7961,6.1637,15.4943,1.0,-1.108804,8e-06,,False
CIPLA.NS,TORNTPHARM.NS,BIOCON.NS,pharma,0,False,False,23.1901,29.7961,5.9171,15.4943,1.0,-1.127521,-0.195881,,False
CIPLA.NS,TORNTPHARM.NS,ABBOTINDIA.NS,pharma,1,True,False,42.8855,29.7961,14.6059,15.4943,1.0,-2.725335,1.750952,20.31,True
CIPLA.NS,TORNTPHARM.NS,GLAXO.NS,pharma,0,False,False,23.3386,29.7961,5.7604,15.4943,1.0,-1.457,0.841864,,False
CIPLA.NS,TORNTPHARM.NS,PFIZER.NS,pharma,0,False,False,18.6051,29.7961,4.7925,15.4943,1.0,-1.155416,0.021253,,False
CIPLA.NS,TORNTPHARM.NS,ZYDUSLIFE.NS,pharma,0,False,False,21.565,29.7961,4.5389,15.4943,1.0,-1.604115,0.351546,,False
CIPLA.NS,TORNTPHARM.NS,SANOFI.NS,pharma,0,False,False,23.428,29.7961,7.305,15.4943,1.0,-1.386936,0.630055,,False
CIPLA.NS,TORNTPHARM.NS,LAURUSLABS.NS,pharma,0,False,False,18.0982,29.7961,2.5988,15.4943,1.0,-0.934624,-0.091199,,False
CIPLA.NS,TORNTPHARM.NS,GRANULES.NS,pharma,0,False,False,19.5848,29.7961,4.998,15.4943,1.0,-1.127715,0.003864,,False
CIPLA.NS,TORNTPHARM.NS,NATCOPHARM.NS,pharma,0,False,False,18.5435,29.7961,4.2178,15.4943,1.0,-1.188219,0.094623,,False
CIPLA.NS,TORNTPHARM.NS,GLENMARK.NS,pharma,0,False,False,26.117,29.7961,9.1856,15.4943,1.0,-1.742118,0.512422,,False
CIPLA.NS,ALKEM.NS,IPCALAB.NS,pharma,0,False,False,15.3738,29.7961,7.3125,15.4943,1.0,-1.425003,0.199089,,False
CIPLA.NS,ALKEM.NS,BIOCON.NS,pharma,0,False,False,19.3305,29.7961,7.2773,15.4943,1.0,-1.216777,0.000803,,False
CIPLA.NS,ALKEM.NS,ABBOTINDIA.NS,pharma,0,False,False,23.5903,29.7961,9.5343,15.4943,1.0,-8.272122,7.673799,,False
CIPLA.NS,ALKEM.NS,GLAXO.NS,pharma,0,False,False,16.8541,29.7961,5.1797,15.4943,1.0,-2.25871,2.094642,,False
CIPLA.NS,ALKEM.NS,PFIZER.NS,pharma,0,False,False,12.6649,29.7961,5.1102,15.4943,1.0,-1.442046,0.174671,,False
CIPLA.NS,ALKEM.NS,ZYDUSLIFE.NS,pharma,0,False,False,16.2718,29.7961,5.6633,15.4943,1.0,-7.051734,3.853828,,False
CIPLA.NS,ALKEM.NS,SANOFI.NS,pharma,0,False,False,18.0997,29.7961,7.2517,15.4943,1.0,-2.233298,2.080355,,False
CIPLA.NS,ALKEM.NS,LAURUSLABS.NS,pharma,0,False,False,10.1947,29.7961,2.6654,15.4943,1.0,-1.302012,-0.043017,,False
CIPLA.NS,ALKEM.NS,GRANULES.NS,pharma,0,False,False,12.9995,29.7961,5.4835,15.4943,1.0,-1.137665,-0.1515,,False
CIPLA.NS,ALKEM.NS,NATCOPHARM.NS,pharma,0,False,False,12.5574,29.7961,4.4571,15.4943,1.0,-1.585333,0.45863,,False
CIPLA.NS,ALKEM.NS,GLENMARK.NS,pharma,0,False,False,20.8032,29.7961,7.3283,15.4943,1.0,0.977237,-1.519537,,False
CIPLA.NS,IPCALAB.NS,BIOCON.NS,pharma,0,False,False,24.2477,29.7961,5.6655,15.4943,1.0,-1.435573,1.165417,,False
CIPLA.NS,IPCALAB.NS,ABBOTINDIA.NS,pharma,0,False,False,20.6498,29.7961,8.4911,15.4943,1.0,-0.689962,-1.031497,,False
CIPLA.NS,IPCALAB.NS,GLAXO.NS,pharma,0,False,False,16.7642,29.7961,7.2225,15.4943,1.0,3.084508,-7.068573,,False
CIPLA.NS,IPCALAB.NS,PFIZER.NS,pharma,1,True,False,30.0061,29.7961,5.6911,15.4943,1.0,-2.983794,3.420664,20.87,True
CIPLA.NS,IPCALAB.NS,ZYDUSLIFE.NS,pharma,0,False,False,13.4617,29.7961,5.5184,15.4943,1.0,2.270789,-1.73013,,False
CIPLA.NS,IPCALAB.NS,SANOFI.NS,pharma,0,False,False,24.2304,29.7961,7.9939,15.4943,1.0,25.001117,-41.098118,,False
CIPLA.NS,IPCALAB.NS,LAURUSLABS.NS,pharma,0,False,False,19.809,29.7961,4.0897,15.4943,1.0,-23.204136,7.712155,,False
CIPLA.NS,IPCALAB.NS,GRANULES.NS,pharma,0,False,False,25.0834,29.7961,6.6495,15.4943,1.0,3.368074,-2.652126,,False
CIPLA.NS,IPCALAB.NS,NATCOPHARM.NS,pharma,0,False,False,20.9,29.7961,4.7367,15.4943,1.0,-3.976106,3.510486,,False
CIPLA.NS,IPCALAB.NS,GLENMARK.NS,pharma,0,False,False,19.8037,29.7961,6.1822,15.4943,1.0,0.049402,-0.857336,,False
CIPLA.NS,BIOCON.NS,ABBOTINDIA.NS,pharma,0,False,False,26.5234,29.7961,10.6908,15.4943,1.0,-0.741004,-1.540576,,False
CIPLA.NS,BIOCON.NS,GLAXO.NS,pharma,0,False,False,12.9939,29.7961,5.087,15.4943,1.0,0.326798,-2.241128,,False
CIPLA.NS,BIOCON.NS,PFIZER.NS,pharma,0,False,False,20.7489,29.7961,4.9162,15.4943,1.0,2.457014,-3.422733,,False
CIPLA.NS,BIOCON.NS,ZYDUSLIFE.NS,pharma,0,False,False,14.4734,29.7961,7.0281,15.4943,1.0,0.160947,-0.789763,,False
CIPLA.NS,BIOCON.NS,SANOFI.NS,pharma,0,False,False,16.1365,29.7961,6.1227,15.4943,1.0,0.880175,-2.210615,,False
CIPLA.NS,BIOCON.NS,LAURUSLABS.NS,pharma,1,True,False,30.1126,29.7961,3.5445,15.4943,1.0,1.339188,-0.527846,64.02,True
CIPLA.NS,BIOCON.NS,GRANULES.NS,pharma,0,False,False,18.1196,29.7961,4.9293,15.4943,1.0,0.78904,-0.803883,,False
CIPLA.NS,BIOCON.NS,NATCOPHARM.NS,pharma,0,False,False,14.5486,29.7961,3.7581,15.4943,1.0,1.84204,-2.051519,,False
CIPLA.NS,BIOCON.NS,GLENMARK.NS,pharma,0,False,False,17.1079,29.7961,5.4216,15.4943,1.0,0.072903,-0.749003,,False
CIPLA.NS,ABBOTINDIA.NS,GLAXO.NS,pharma,0,False,False,18.2614,29.7961,7.7267,15.4943,1.0,-2.008257,0.717683,,False
CIPLA.NS,ABBOTINDIA.NS,PFIZER.NS,pharma,0,False,False,16.799,29.7961,6.0843,15.4943,1.0,-1.565249,-0.63273,,False
CIPLA.NS,ABBOTINDIA.NS,ZYDUSLIFE.NS,pharma,0,False,False,24.7396,29.7961,6.1526,15.4943,1.0,-2.441946,0.441874,,False
CIPLA.NS,ABBOTINDIA.NS,SANOFI.NS,pharma,0,False,False,21.1182,29.7961,9.387,15.4943,1.0,-1.2633,-0.671776,,False
CIPLA.NS,ABBOTINDIA.NS,LAURUSLABS.NS,pharma,0,False,False,15.1767,29.7961,4.6343,15.4943,1.0,-1.324777,-0.112732,,False
CIPLA.NS,ABBOTINDIA.NS,GRANULES.NS,pharma,0,False,False,19.1734,29.7961,7.6225,15.4943,1.0,-1.058076,-0.293304,,False
CIPLA.NS,ABBOTINDIA.NS,NATCOPHARM.NS,pharma,0,False,False,17.4907,29.7961,6.4536,15.4943,1.0,-1.396445,-0.462039,,False
CIPLA.NS,ABBOTINDIA.NS,GLENMARK.NS,pharma,0,False,False,24.4916,29.7961,7.5238,15.4943,1.0,-20.909374,8.520269,,False
CIPLA.NS,GLAXO.NS,PFIZER.NS,pharma,0,False,False,12.8089,29.7961,5.405,15.4943,1.0,-2.526881,0.463757,,False
CIPLA.NS,GLAXO.NS,ZYDUSLIFE.NS,pharma,0,False,False,12.4911,29.7961,4.4816,15.4943,1.0,3.995432,-2.209209,,False
CIPLA.NS,GLAXO.NS,SANOFI.NS,pharma,0,False,False,18.2521,29.7961,5.312,15.4943,1.0,26.649493,-28.202653,,False
CIPLA.NS,GLAXO.NS,LAURUSLABS.NS,pharma,0,False,False,11.2287,29.7961,2.9271,15.4943,1.0,-1.459879,-0.214993,,False
CIPLA.NS,GLAXO.NS,GRANULES.NS,pharma,0,False,False,13.925,29.7961,6.2404,15.4943,1.0,-1.425041,-0.376658,,False
CIPLA.NS,GLAXO.NS,NATCOPHARM.NS,pharma,0,False,False,12.0575,29.7961,3.5896,15.4943,1.0,-6.410655,3.050236,,False
CIPLA.NS,GLAXO.NS,GLENMARK.NS,pharma,0,False,False,19.6296,29.7961,7.78,15.4943,1.0,0.387741,-1.114852,,False
CIPLA.NS,PFIZER.NS,ZYDUSLIFE.NS,pharma,0,False,False,10.7121,29.7961,3.7811,15.4943,1.0,1.081468,-0.981843,,False
CIPLA.NS,PFIZER.NS,SANOFI.NS,pharma,0,False,False,14.5863,29.7961,5.623,15.4943,1.0,2.060257,-3.586805,,False
CIPLA.NS,PFIZER.NS,LAURUSLABS.NS,pharma,0,False,False,16.8967,29.7961,3.6693,15.4943,1.0,2.853384,-0.902834,,False
CIPLA.NS,PFIZER.NS,GRANULES.NS,pharma,0,False,False,20.7976,29.7961,4.8633,15.4943,1.0,1.676056,-1.168114,,False
CIPLA.NS,PFIZER.NS,NATCOPHARM.NS,pharma,0,False,False,14.1785,29.7961,3.7759,15.4943,1.0,7.208395,-5.700743,,False
CIPLA.NS,PFIZER.NS,GLENMARK.NS,pharma,0,False,False,16.5175,29.7961,4.3173,15.4943,1.0,0.075367,-0.810483,,False
CIPLA.NS,ZYDUSLIFE.NS,SANOFI.NS,pharma,0,False,False,16.5875,29.7961,4.77,15.4943,1.0,-2.224334,4.101563,,False
CIPLA.NS,ZYDUSLIFE.NS,LAURUSLABS.NS,pharma,0,False,False,14.5155,29.7961,4.61,15.4943,1.0,-0.644367,-0.101364,,False
CIPLA.NS,ZYDUSLIFE.NS,GRANULES.NS,pharma,0,False,False,11.636,29.7961,5.1702,15.4943,1.0,1.254968,-2.910507,,False
CIPLA.NS,ZYDUSLIFE.NS,NATCOPHARM.NS,pharma,0,False,False,18.2951,29.7961,4.2362,15.4943,1.0,-1.692202,1.570647,,False
CIPLA.NS,ZYDUSLIFE.NS,GLENMARK.NS,pharma,0,False,False,28.27,29.7961,5.3158,15.4943,1.0,-10.956843,10.428588,,False
CIPLA.NS,SANOFI.NS,LAURUSLABS.NS,pharma,0,False,False,18.8417,29.7961,4.3685,15.4943,1.0,-3.061031,0.13243,,False
CIPLA.NS,SANOFI.NS,GRANULES.NS,pharma,0,False,False,14.7127,29.7961,6.7938,15.4943,1.0,-12.165714,3.245944,,False
CIPLA.NS,SANOFI.NS,NATCOPHARM.NS,pharma,0,False,False,21.4628,29.7961,4.407,15.4943,1.0,-7.660242,4.483302,,False
CIPLA.NS,SANOFI.NS,GLENMARK.NS,pharma,0,False,False,22.7731,29.7961,6.3771,15.4943,1.0,2.525994,-1.843483,,False
CIPLA.NS,LAURUSLABS.NS,GRANULES.NS,pharma,0,False,False,20.7869,29.7961,4.3798,15.4943,1.0,0.765233,-2.021822,,False
CIPLA.NS,LAURUSLABS.NS,NATCOPHARM.NS,pharma,0,False,False,19.7324,29.7961,4.7044,15.4943,1.0,7.822747,-33.699749,,False
CIPLA.NS,LAURUSLABS.NS,GLENMARK.NS,pharma,0,False,False,24.0399,29.7961,2.8813,15.4943,1.0,-0.218745,-0.524703,,False
CIPLA.NS,GRANULES.NS,NATCOPHARM.NS,pharma,0,False,False,12.8354,29.7961,4.9043,15.4943,1.0,-1.375098,1.361708,,False
CIPLA.NS,GRANULES.NS,GLENMARK.NS,pharma,0,False,False,18.4285,29.7961,6.9553,15.4943,1.0,0.17216,-0.891774,,False
CIPLA.NS,NATCOPHARM.NS,GLENMARK.NS,pharma,0,False,False,19.8338,29.7961,6.2819,15.4943,1.0,0.55514,-1.223518,,False
DRREDDY.NS,LUPIN.NS,AUROPHARMA.NS,pharma,0,False,False,24.4866,29.7961,9.6358,15.4943,1.0,24.040004,-24.270055,,False
DRREDDY.NS,LUPIN.NS,DIVISLAB.NS,pharma,0,False,False,20.5473,29.7961,4.3823,15.4943,1.0,-0.364951,-0.53214,,False
DRREDDY.NS,LUPIN.NS,TORNTPHARM.NS,pharma,0,False,False,15.8679,29.7961,6.2754,15.4943,1.0,-0.165354,-0.682727,,False
DRREDDY.NS,LUPIN.NS,ALKEM.NS,pharma,0,False,False,13.5919,29.7961,4.6555,15.4943,1.0,-0.119895,-0.670624,,False
DRREDDY.NS,LUPIN.NS,IPCALAB.NS,pharma,0,False,False,26.1251,29.7961,6.9955,15.4943,1.0,-0.133889,-0.733843,,False
DRREDDY.NS,LUPIN.NS,BIOCON.NS,pharma,0,False,False,10.1647,29.7961,3.3469,15.4943,1.0,-0.438985,-0.505618,,False
DRREDDY.NS,LUPIN.NS,ABBOTINDIA.NS,pharma,0,False,False,20.6251,29.7961,9.7983,15.4943,1.0,-0.290352,-0.649555,,False
DRREDDY.NS,LUPIN.NS,GLAXO.NS,pharma,0,False,False,14.1818,29.7961,5.7935,15.4943,1.0,1.05169,-2.965676,,False
DRREDDY.NS,LUPIN.NS,PFIZER.NS,pharma,0,False,False,15.8742,29.7961,5.2113,15.4943,1.0,-0.274611,-1.050917,,False
DRREDDY.NS,LUPIN.NS,ZYDUSLIFE.NS,pharma,0,False,False,19.7471,29.7961,4.2594,15.4943,1.0,0.252305,-0.729624,,False
DRREDDY.NS,LUPIN.NS,SANOFI.NS,pharma,0,False,False,20.9969,29.7961,6.2616,15.4943,1.0,0.591146,-2.174308,,False
DRREDDY.NS,LUPIN.NS,LAURUSLABS.NS,pharma,1,True,False,29.9721,29.7961,6.8697,15.4943,1.0,-0.35115,-0.242855,66.94,True
DRREDDY.NS,LUPIN.NS,GRANULES.NS,pharma,1,True,False,29.9741,29.7961,4.6033,15.4943,1.0,-0.225976,-0.461342,23.27,True
DRREDDY.NS,LUPIN.NS,NATCOPHARM.NS,pharma,0,False,False,23.5336,29.7961,6.2727,15.4943,1.0,0.827521,-1.836452,,False
DRREDDY.NS,LUPIN.NS,GLENMARK.NS,pharma,0,False,False,26.2998,29.7961,8.1661,15.4943,1.0,0.430175,-0.859538,,False
DRREDDY.NS,AUROPHARMA.NS,DIVISLAB.NS,pharma,0,False,False,27.2396,29.7961,8.2993,15.4943,1.0,-0.382229,-0.458711,,False
DRREDDY.NS,AUROPHARMA.NS,TORNTPHARM.NS,pharma,0,False,False,20.3645,29.7961,5.5564,15.4943,1.0,-0.295769,-0.522765,,False
DRREDDY.NS,AUROPHARMA.NS,ALKEM.NS,pharma,0,False,False,21.231,29.7961,6.8391,15.4943,1.0,-0.321611,-0.552941,,False
DRREDDY.NS,AUROPHARMA.NS,IPCALAB.NS,pharma,0,False,False,24.0122,29.7961,10.1552,15.4943,1.0,-0.226849,-0.607745,,False
DRREDDY.NS,AUROPHARMA.NS,BIOCON.NS,pharma,0,False,False,13.5735,29.7961,4.1815,15.4943,1.0,-0.685486,0.069233,,False
DRREDDY.NS,AUROPHARMA.NS,ABBOTINDIA.NS,pharma,1,True,False,31.3524,29.7961,13.6123,15.4943,1.0,-0.396555,-0.550304,26.9,True
DRREDDY.NS,AUROPHARMA.NS,GLAXO.NS,pharma,0,False,False,22.1192,29.7961,9.7413,15.4943,1.0,-0.256443,-1.009389,,False
DRREDDY.NS,AUROPHARMA.NS,PFIZER.NS,pharma,0,False,False,23.3497,29.7961,8.2952,15.4943,1.0,-0.462642,-0.716629,,False
DRREDDY.NS,AUROPHARMA.NS,ZYDUSLIFE.NS,pharma,0,False,False,23.0071,29.7961,7.733,15.4943,1.0,-0.11706,-0.480076,,False
DRREDDY.NS,AUROPHARMA.NS,SANOFI.NS,pharma,0,False,False,25.769,29.7961,11.236,15.4943,1.0,0.643656,-2.412029,,False
DRREDDY.NS,AUROPHARMA.NS,LAURUSLABS.NS,pharma,2,True,True,41.4387,29.7961,16.3653,15.4943,1.0,-0.442993,-0.203139,63.75,True
DRREDDY.NS,AUROPHARMA.NS,GRANULES.NS,pharma,1,True,False,36.7394,29.7961,8.2343,15.4943,1.0,-0.209113,-0.444049,26.11,True
DRREDDY.NS,AUROPHARMA.NS,NATCOPHARM.NS,pharma,0,False,False,28.3252,29.7961,12.135,15.4943,1.0,0.717438,-1.866059,,False
DRREDDY.NS,AUROPHARMA.NS,GLENMARK.NS,pharma,0,False,False,25.2357,29.7961,7.8532,15.4943,1.0,-0.042032,-0.50333,,False
DRREDDY.NS,DIVISLAB.NS,TORNTPHARM.NS,pharma,0,False,False,19.2957,29.7961,4.5438,15.4943,1.0,-0.245877,-0.576814,,False
DRREDDY.NS,DIVISLAB.NS,ALKEM.NS,pharma,0,False,False,14.69,29.7961,4.6934,15.4943,1.0,-0.304776,-0.590851,,False
DRREDDY.NS,DIVISLAB.NS,IPCALAB.NS,pharma,0,False,False,19.9518,29.7961,8.3574,15.4943,1.0,1.529181,-2.59268,,False
DRREDDY.NS,DIVISLAB.NS,BIOCON.NS,pharma,0,False,False,13.473,29.7961,4.0312,15.4943,1.0,-0.984489,0.658947,,False
DRREDDY.NS,DIVISLAB.NS,ABBOTINDIA.NS,pharma,0,False,False,21.0916,29.7961,9.8613,15.4943,1.0,-0.191811,-0.670306,,False
DRREDDY.NS,DIVISLAB.NS,GLAXO.NS,pharma,0,False,False,15.9783,29.7961,4.3494,15.4943,1.0,-0.472151,-1.026067,,False
DRREDDY.NS,DIVISLAB.NS,PFIZER.NS,pharma,0,False,False,18.3606,29.7961,6.9095,15.4943,1.0,-2.006087,2.617498,,False
DRREDDY.NS,DIVISLAB.NS,ZYDUSLIFE.NS,pharma,0,False,False,25.0289,29.7961,5.627,15.4943,1.0,-0.253153,-0.430909,,False
DRREDDY.NS,DIVISLAB.NS,SANOFI.NS,pharma,0,False,False,19.6942,29.7961,7.5024,15.4943,1.0,-0.265865,-1.094439,,False
DRREDDY.NS,DIVISLAB.NS,LAURUSLABS.NS,pharma,0,False,False,25.6081,29.7961,9.7776,15.4943,1.0,3.461043,-1.833699,,False
DRREDDY.NS,DIVISLAB.NS,GRANULES.NS,pharma,0,False,False,24.8971,29.7961,9.2703,15.4943,1.0,0.205859,-0.701646,,False
DRREDDY.NS,DIVISLAB.NS,NATCOPHARM.NS,pharma,0,False,False,26.7025,29.7961,13.0348,15.4943,1.0,-0.189701,-0.990242,,False
DRREDDY.NS,DIVISLAB.NS,GLENMARK.NS,pharma,1,True,False,33.3479,29.7961,7.8356,15.4943,1.0,-0.375736,-0.367995,55.62,True
DRREDDY.NS,TORNTPHARM.NS,ALKEM.NS,pharma,0,False,False,25.1683,29.7961,7.115,15.4943,1.0,-5.200478,5.142891,,False
DRREDDY.NS,TORNTPHARM.NS,IPCALAB.NS,pharma,0,False,False,20.5092,29.7961,5.6453,15.4943,1.0,-0.428444,-0.431032,,False
DRREDDY.NS,TORNTPHARM.NS,BIOCON.NS,pharma,0,False,False,23.7804,29.7961,2.9527,15.4943,1.0,-0.757744,-0.396018,,False
DRREDDY.NS,TORNTPHARM.NS,ABBOTINDIA.NS,pharma,1,True,False,33.9913,29.7961,9.8424,15.4943,1.0,-2.738511,2.217145,27.17,True
DRREDDY.NS,TORNTPHARM.NS,GLAXO.NS,pharma,0,False,False,16.4836,29.7961,5.8422,15.4943,1.0,-1.059797,0.850117,,False
DRREDDY.NS,TORNTPHARM.NS,PFIZER.NS,pharma,0,False,False,21.1891,29.7961,4.4342,15.4943,1.0,-0.607539,-0.534859,,False
DRREDDY.NS,TORNTPHARM.NS,ZYDUSLIFE.NS,pharma,0,False,False,21.6145,29.7961,8.2893,15.4943,1.0,0.081601,-0.640384,,False
DRREDDY.NS,TORNTPHARM.NS,SANOFI.NS,pharma,0,False,False,19.2122,29.7961,6.5318,15.4943,1.0,-0.361369,-0.853527,,False
DRREDDY.NS,TORNTPHARM.NS,LAURUSLABS.NS,pharma,0,False,False,28.3477,29.7961,4.6442,15.4943,1.0,-0.554054,-0.109621,,False
DRREDDY.NS,TORNTPHARM.NS,GRANULES.NS,pharma,0,False,False,23.5926,29.7961,5.5426,15.4943,1.0,-0.26266,-0.38473,,False
DRREDDY.NS,TORNTPHARM.NS,NATCOPHARM.NS,pharma,0,False,False,27.5617,29.7961,5.9085,15.4943,1.0,-0.534395,-0.478571,,False
DRREDDY.NS,TORNTPHARM.NS,GLENMARK.NS,pharma,0,False,False,26.9844,29.7961,9.6092,15.4943,1.0,-0.0804,-0.489925,,False
DRREDDY.NS,ALKEM.NS,IPCALAB.NS,pharma,0,False,False,16.9747,29.7961,5.9398,15.4943,1.0,-0.382973,-0.548294,,False
DRREDDY.NS,ALKEM.NS,BIOCON.NS,pharma,0,False,False,16.7987,29.7961,3.7708,15.4943,1.0,-0.858096,-0.39017,,False
DRREDDY.NS,ALKEM.NS,ABBOTINDIA.NS,pharma,0,False,False,27.8221,29.7961,11.5756,15.4943,1.0,-3.693577,2.897799,,False
DRREDDY.NS,ALKEM.NS,GLAXO.NS,pharma,0,False,False,17.1166,29.7961,6.4092,15.4943,1.0,-1.534157,1.439707,,False
DRREDDY.NS,ALKEM.NS,PFIZER.NS,pharma,0,False,False,15.6855,29.7961,4.3081,15.4943,1.0,-0.698661,-0.542753,,False
DRREDDY.NS,ALKEM.NS,ZYDUSLIFE.NS,pharma,0,False,False,22.1794,29.7961,7.5483,15.4943,1.0,0.259311,-0.76571,,False
DRREDDY.NS,ALKEM.NS,SANOFI.NS,pharma,0,False,False,18.1032,29.7961,7.3158,15.4943,1.0,-0.206407,-1.186945,,False
DRREDDY.NS,ALKEM.NS,LAURUSLABS.NS,pharma,0,False,False,26.3024,29.7961,4.5032,15.4943,1.0,-0.648418,-0.097292,,False
DRREDDY.NS,ALKEM.NS,GRANULES.NS,pharma,0,False,False,22.4477,29.7961,5.3876,15.4943,1.0,-0.246083,-0.419928,,False
DRREDDY.NS,ALKEM.NS,NATCOPHARM.NS,pharma,0,False,False,21.5709,29.7961,7.0893,15.4943,1.0,-0.555117,-0.50907,,False
DRREDDY.NS,ALKEM.NS,GLENMARK.NS,pharma,0,False,False,28.6506,29.7961,9.1628,15.4943,1.0,-0.282365,-0.38205,,False
DRREDDY.NS,IPCALAB.NS,BIOCON.NS,pharma,0,False,False,20.7071,29.7961,3.4878,15.4943,1.0,-1.058513,0.521458,,False
DRREDDY.NS,IPCALAB.NS,ABBOTINDIA.NS,pharma,0,False,False,22.991,29.7961,10.1868,15.4943,1.0,-0.544678,-0.420705,,False
DRREDDY.NS,IPCALAB.NS,GLAXO.NS,pharma,0,False,False,19.1296,29.7961,8.4484,15.4943,1.0,-0.907424,-0.038252,,False
DRREDDY.NS,IPCALAB.NS,PFIZER.NS,pharma,0,False,False,26.7437,29.7961,6.9405,15.4943,1.0,-1.735483,1.603332,,False
DRREDDY.NS,IPCALAB.NS,ZYDUSLIFE.NS,pharma,0,False,False,27.5044,29.7961,8.066,15.4943,1.0,-0.331607,-0.429998,,False
DRREDDY.NS,IPCALAB.NS,SANOFI.NS,pharma,1,True,False,31.1974,29.7961,14.5425,15.4943,1.0,0.77768,-2.81595,51.31,True
DRREDDY.NS,IPCALAB.NS,LAURUSLABS.NS,pharma,0,False,False,25.5054,29.7961,10.8364,15.4943,1.0,3.60116,-1.66954,,False
DRREDDY.NS,IPCALAB.NS,GRANULES.NS,pharma,0,False,False,29.6755,29.7961,11.0869,15.4943,1.0,0.764342,-1.019239,,False
DRREDDY.NS,IPCALAB.NS,NATCOPHARM.NS,pharma,1,True,False,30.3343,29.7961,12.7359,15.4943,1.0,-1.747201,1.253084,45.57,True
DRREDDY.NS,IPCALAB.NS,GLENMARK.NS,pharma,1,True,False,39.8742,29.7961,9.4845,15.4943,1.0,-0.520412,-0.339264,32.49,True
DRREDDY.NS,BIOCON.NS,ABBOTINDIA.NS,pharma,0,False,False,22.553,29.7961,7.8808,15.4943,1.0,-0.528103,-0.910657,,False
DRREDDY.NS,BIOCON.NS,GLAXO.NS,pharma,0,False,False,10.5977,29.7961,3.7102,15.4943,1.0,-0.405951,-1.719091,,False
DRREDDY.NS,BIOCON.NS,PFIZER.NS,pharma,0,False,False,18.8823,29.7961,3.4675,15.4943,1.0,1.389813,-2.651217,,False
DRREDDY.NS,BIOCON.NS,ZYDUSLIFE.NS,pharma,0,False,False,22.184,29.7961,3.0544,15.4943,1.0,-0.25155,-0.595445,,False
DRREDDY.NS,BIOCON.NS,SANOFI.NS,pharma,0,False,False,16.4362,29.7961,4.2956,15.4943,1.0,0.166507,-1.596904,,False
DRREDDY.NS,BIOCON.NS,LAURUSLABS.NS,pharma,1,True,False,32.8067,29.7961,6.7355,15.4943,1.0,0.96801,-0.393329,119.78,True
DRREDDY.NS,BIOCON.NS,GRANULES.NS,pharma,0,False,False,21.4927,29.7961,3.6788,15.4943,1.0,0.185603,-0.58863,,False
DRREDDY.NS,BIOCON.NS,NATCOPHARM.NS,pharma,0,False,False,19.2116,29.7961,4.3486,15.4943,1.0,0.699419,-1.529502,,False
DRREDDY.NS,BIOCON.NS,GLENMARK.NS,pharma,0,False,False,25.5686,29.7961,6.2911,15.4943,1.0,-0.316359,-0.591116,,False
DRREDDY.NS,ABBOTINDIA.NS,GLAXO.NS,pharma,0,False,False,19.573,29.7961,10.5577,15.4943,1.0,-0.89875,0.12793,,False
DRREDDY.NS,ABBOTINDIA.NS,PFIZER.NS,pharma,0,False,False,20.5316,29.7961,8.3339,15.4943,1.0,-0.666664,-0.585184,,False
DRREDDY.NS,ABBOTINDIA.NS,ZYDUSLIFE.NS,pharma,1,True,False,31.4251,29.7961,12.2535,15.4943,1.0,0.462433,-0.777822,64.7,True
DRREDDY.NS,ABBOTINDIA.NS,SANOFI.NS,pharma,0,False,False,24.486,29.7961,10.8037,15.4943,1.0,-0.393335,-0.900273,,False
DRREDDY.NS,ABBOTINDIA.NS,LAURUSLABS.NS,pharma,1,True,False,31.5885,29.7961,10.9515,15.4943,1.0,-0.524582,-0.122064,61.53,True
DRREDDY.NS,ABBOTINDIA.NS,GRANULES.NS,pharma,0,False,False,27.7495,29.7961,11.6421,15.4943,1.0,-0.179608,-0.453512,,False
DRREDDY.NS,ABBOTINDIA.NS,NATCOPHARM.NS,pharma,1,True,False,32.9981,29.7961,11.8414,15.4943,1.0,-0.506243,-0.56814,27.97,True
DRREDDY.NS,ABBOTINDIA.NS,GLENMARK.NS,pharma,1,True,False,32.7522,29.7961,11.2957,15.4943,1.0,-0.06723,-0.452659,86.52,True
DRREDDY.NS,GLAXO.NS,PFIZER.NS,pharma,0,False,False,14.9436,29.7961,5.8453,15.4943,1.0,-0.941992,-1.033694,,False
DRREDDY.NS,GLAXO.NS,ZYDUSLIFE.NS,pharma,0,False,False,20.6657,29.7961,6.4658,15.4943,1.0,0.267523,-0.677977,,False
DRREDDY.NS,GLAXO.NS,SANOFI.NS,pharma,0,False,False,23.5967,29.7961,7.5821,15.4943,1.0,1.397106,-2.655961,,False
DRREDDY.NS,GLAXO.NS,LAURUSLABS.NS,pharma,0,False,False,19.0911,29.7961,5.6555,15.4943,1.0,-0.534216,-0.254475,,False
DRREDDY.NS,GLAXO.NS,GRANULES.NS,pharma,0,False,False,23.6587,29.7961,6.6498,15.4943,1.0,-0.156577,-0.522189,,False
DRREDDY.NS,GLAXO.NS,NATCOPHARM.NS,pharma,0,False,False,18.1102,29.7961,7.7279,15.4943,1.0,0.785593,-1.797898,,False
DRREDDY.NS,GLAXO.NS,GLENMARK.NS,pharma,1,True,False,29.9951,29.7961,10.5604,15.4943,1.0,-0.392187,-0.453151,80.17,True
DRREDDY.NS,PFIZER.NS,ZYDUSLIFE.NS,pharma,0,False,False,22.5694,29.7961,6.3109,15.4943,1.0,-0.321471,-0.531953,,False
DRREDDY.NS,PFIZER.NS,SANOFI.NS,pharma,0,False,False,19.0368,29.7961,7.529,15.4943,1.0,-0.105648,-1.445788,,False
DRREDDY.NS,PFIZER.NS,LAURUSLABS.NS,pharma,0,False,False,21.8563,29.7961,7.8997,15.4943,1.0,1.10453,-0.518854,,False
DRREDDY.NS,PFIZER.NS,GRANULES.NS,pharma,0,False,False,23.0502,29.7961,7.176,15.4943,1.0,0.255301,-0.634874,,False
DRREDDY.NS,PFIZER.NS,NATCOPHARM.NS,pharma,0,False,False,21.7663,29.7961,9.9038,15.4943,1.0,1.378815,-2.187832,,False
DRREDDY.NS,PFIZER.NS,GLENMARK.NS,pharma,1,True,False,34.9514,29.7961,8.8304,15.4943,1.0,-0.687593,-0.476527,42.33,True
DRREDDY.NS,ZYDUSLIFE.NS,SANOFI.NS,pharma,0,False,False,24.1537,29.7961,10.4674,15.4943,1.0,-0.47898,-0.311488,,False
DRREDDY.NS,ZYDUSLIFE.NS,LAURUSLABS.NS,pharma,1,True,False,30.8197,29.7961,5.5811,15.4943,1.0,-0.437062,-0.116749,33.47,True
DRREDDY.NS,ZYDUSLIFE.NS,GRANULES.NS,pharma,1,True,False,40.8858,29.7961,8.1431,15.4943,1.0,-0.347597,-0.296759,15.05,True
DRREDDY.NS,ZYDUSLIFE.NS,NATCOPHARM.NS,pharma,0,False,False,24.7692,29.7961,9.3697,15.4943,1.0,-0.419408,-0.352534,,False
DRREDDY.NS,ZYDUSLIFE.NS,GLENMARK.NS,pharma,2,True,True,39.7549,29.7961,15.8609,15.4943,1.0,-2.925622,2.335198,70.03,True
DRREDDY.NS,SANOFI.NS,LAURUSLABS.NS,pharma,0,False,False,29.3093,29.7961,13.7561,15.4943,1.0,-0.959889,-0.154754,,False
DRREDDY.NS,SANOFI.NS,GRANULES.NS,pharma,0,False,False,29.4799,29.7961,8.9054,15.4943,1.0,-0.493412,-0.400166,,False
DRREDDY.NS,SANOFI.NS,NATCOPHARM.NS,pharma,0,False,False,28.0934,29.7961,10.3242,15.4943,1.0,-4.657339,2.664493,,False
DRREDDY.NS,SANOFI.NS,GLENMARK.NS,pharma,1,True,False,32.6017,29.7961,12.6127,15.4943,1.0,-0.614043,-0.30566,68.68,True
DRREDDY.NS,LAURUSLABS.NS,GRANULES.NS,pharma,1,True,False,31.0392,29.7961,14.8208,15.4943,1.0,0.19337,-0.873147,29.91,True
DRREDDY.NS,LAURUSLABS.NS,NATCOPHARM.NS,pharma,2,True,True,33.8758,29.7961,16.286,15.4943,1.0,0.484557,-3.701831,101.66,True
DRREDDY.NS,LAURUSLABS.NS,GLENMARK.NS,pharma,1,True,False,35.9623,29.7961,8.5261,15.4943,1.0,-0.180683,-0.338139,61.9,True
DRREDDY.NS,GRANULES.NS,NATCOPHARM.NS,pharma,0,False,False,28.552,29.7961,9.1788,15.4943,1.0,-0.470562,-0.21178,,False
DRREDDY.NS,GRANULES.NS,GLENMARK.NS,pharma,1,True,False,47.5533,29.7961,12.357,15.4943,1.0,-0.402011,-0.251832,20.97,True
DRREDDY.NS,NATCOPHARM.NS,GLENMARK.NS,pharma,1,True,False,32.2401,29.7961,10.7346,15.4943,1.0,-0.542332,-0.316977,75.23,True
LUPIN.NS,AUROPHARMA.NS,DIVISLAB.NS,pharma,0,False,False,20.7253,29.7961,2.5131,15.4943,1.0,-1.007093,0.157577,,False
LUPIN.NS,AUROPHARMA.NS,TORNTPHARM.NS,pharma,0,False,False,20.6495,29.7961,6.2159,15.4943,1.0,-0.866252,-0.122044,,False
LUPIN.NS,AUROPHARMA.NS,ALKEM.NS,pharma,0,False,False,19.3496,29.7961,5.2958,15.4943,1.0,-0.880853,-0.085605,,False
LUPIN.NS,AUROPHARMA.NS,IPCALAB.NS,pharma,0,False,False,22.738,29.7961,7.1832,15.4943,1.0,-1.018512,0.141406,,False
LUPIN.NS,AUROPHARMA.NS,BIOCON.NS,pharma,0,False,False,22.3413,29.7961,2.8326,15.4943,1.0,-1.016496,0.35025,,False
LUPIN.NS,AUROPHARMA.NS,ABBOTINDIA.NS,pharma,0,False,False,27.6217,29.7961,11.6419,15.4943,1.0,-0.888056,-0.262476,,False
LUPIN.NS,AUROPHARMA.NS,GLAXO.NS,pharma,0,False,False,23.7936,29.7961,6.9787,15.4943,1.0,-0.780712,-0.40392,,False
LUPIN.NS,AUROPHARMA.NS,PFIZER.NS,pharma,0,False,False,19.9993,29.7961,4.4731,15.4943,1.0,-0.988805,0.187329,,False
LUPIN.NS,AUROPHARMA.NS,ZYDUSLIFE.NS,pharma,0,False,False,26.7049,29.7961,5.9361,15.4943,1.0,-0.880985,-0.036039,,False
LUPIN.NS,AUROPHARMA.NS,SANOFI.NS,pharma,0,False,False,24.5095,29.7961,10.5372,15.4943,1.0,-1.146245,0.403508,,False
LUPIN.NS,AUROPHARMA.NS,LAURUSLABS.NS,pharma,0,False,False,28.0887,29.7961,4.0496,15.4943,1.0,-1.171406,0.094967,,False
LUPIN.NS,AUROPHARMA.NS,GRANULES.NS,pharma,0,False,False,18.8577,29.7961,4.3735,15.4943,1.0,-1.005092,0.08269,,False
LUPIN.NS,AUROPHARMA.NS,NATCOPHARM.NS,pharma,0,False,False,28.2776,29.7961,10.4187,15.4943,1.0,-2.064022,1.458947,,False
LUPIN.NS,AUROPHARMA.NS,GLENMARK.NS,pharma,0,False,False,20.9921,29.7961,5.2381,15.4943,1.0,-0.720099,-0.178376,,False
LUPIN.NS,DIVISLAB.NS,TORNTPHARM.NS,pharma,0,False,False,16.274,29.7961,4.0429,15.4943,1.0,1.515978,-2.76618,,False
LUPIN.NS,DIVISLAB.NS,ALKEM.NS,pharma,0,False,False,10.8661,29.7961,3.9764,15.4943,1.0,1.482474,-2.648533,,False
LUPIN.NS,DIVISLAB.NS,IPCALAB.NS,pharma,0,False,False,18.1333,29.7961,5.1134,15.4943,1.0,2.108335,-2.998476,,False
LUPIN.NS,DIVISLAB.NS,BIOCON.NS,pharma,0,False,False,10.1135,29.7961,2.4984,15.4943,1.0,-33.220417,65.449554,,False
LUPIN.NS,DIVISLAB.NS,ABBOTINDIA.NS,pharma,0,False,False,17.0446,29.7961,6.1241,15.4943,1.0,11.72182,-25.207018,,False
LUPIN.NS,DIVISLAB.NS,GLAXO.NS,pharma,0,False,False,13.5685,29.7961,2.974,15.4943,1.0,0.139302,-2.390381,,False
LUPIN.NS,DIVISLAB.NS,PFIZER.NS,pharma,0,False,False,15.77,29.7961,3.944,15.4943,1.0,5.486496,-11.75971,,False
LUPIN.NS,DIVISLAB.NS,ZYDUSLIFE.NS,pharma,0,False,False,15.471,29.7961,3.0541,15.4943,1.0,0.796686,-1.256527,,False
LUPIN.NS,DIVISLAB.NS,SANOFI.NS,pharma,0,False,False,19.5724,29.7961,3.966,15.4943,1.0,0.62667,-2.445167,,False
LUPIN.NS,DIVISLAB.NS,LAURUSLABS.NS,pharma,0,False,False,20.8244,29.7961,4.6524,15.4943,1.0,30.49936,-13.541385,,False
LUPIN.NS,DIVISLAB.NS,GRANULES.NS,pharma,0,False,False,14.0451,29.7961,3.7836,15.4943,1.0,4.356547,-3.420679,,False
LUPIN.NS,DIVISLAB.NS,NATCOPHARM.NS,pharma,1,True,False,34.1361,29.7961,4.4513,15.4943,1.0,0.613221,-1.734664,35.03,True
LUPIN.NS,DIVISLAB.NS,GLENMARK.NS,pharma,0,False,False,16.5218,29.7961,4.5427,15.4943,1.0,0.354448,-0.960753,,False
LUPIN.NS,TORNTPHARM.NS,ALKEM.NS,pharma,1,True,False,32.3062,29.7961,5.1491,15.4943,1.0,37.878351,-40.612147,27.0,True
LUPIN.NS,TORNTPHARM.NS,IPCALAB.NS,pharma,0,False,False,17.9106,29.7961,6.4473,15.4943,1.0,4.433693,-5.198107,,False
LUPIN.NS,TORNTPHARM.NS,BIOCON.NS,pharma,0,False,False,8.9338,29.7961,3.5196,15.4943,1.0,-1.506949,0.362548,,False
LUPIN.NS,TORNTPHARM.NS,ABBOTINDIA.NS,pharma,1,True,False,36.8924,29.7961,8.5065,15.4943,1.0,-3.868624,3.566636,22.03,True
LUPIN.NS,TORNTPHARM.NS,GLAXO.NS,pharma,0,False,False,17.5447,29.7961,4.7745,15.4943,1.0,1.138809,-3.544498,,False
LUPIN.NS,TORNTPHARM.NS,PFIZER.NS,pharma,0,False,False,13.0037,29.7961,5.7385,15.4943,1.0,-2.935212,3.016566,,False
LUPIN.NS,TORNTPHARM.NS,ZYDUSLIFE.NS,pharma,0,False,False,17.9538,29.7961,4.3765,15.4943,1.0,1.761353,-1.813017,,False
LUPIN.NS,TORNTPHARM.NS,SANOFI.NS,pharma,0,False,False,20.7368,29.7961,5.6927,15.4943,1.0,0.660812,-2.518247,,False
LUPIN.NS,TORNTPHARM.NS,LAURUSLABS.NS,pharma,0,False,False,23.9757,29.7961,7.2929,15.4943,1.0,-1.922817,0.476198,,False
LUPIN.NS,TORNTPHARM.NS,GRANULES.NS,pharma,0,False,False,14.0677,29.7961,4.557,15.4943,1.0,-7.131612,4.024866,,False
LUPIN.NS,TORNTPHARM.NS,NATCOPHARM.NS,pharma,0,False,False,19.1946,29.7961,5.424,15.4943,1.0,0.287635,-1.374907,,False
LUPIN.NS,TORNTPHARM.NS,GLENMARK.NS,pharma,0,False,False,22.9296,29.7961,5.1491,15.4943,1.0,0.968696,-1.409308,,False
LUPIN.NS,ALKEM.NS,IPCALAB.NS,pharma,0,False,False,13.0564,29.7961,5.5171,15.4943,1.0,2.909273,-3.862387,,False
LUPIN.NS,ALKEM.NS,BIOCON.NS,pharma,0,False,False,8.657,29.7961,3.3995,15.4943,1.0,-1.075293,-1.192912,,False
LUPIN.NS,ALKEM.NS,ABBOTINDIA.NS,pharma,0,False,False,28.0242,29.7961,5.2017,15.4943,1.0,-3.384988,3.036956,,False
LUPIN.NS,ALKEM.NS,GLAXO.NS,pharma,0,False,False,14.9974,29.7961,4.1637,15.4943,1.0,1.311081,-3.915602,,False
LUPIN.NS,ALKEM.NS,PFIZER.NS,pharma,0,False,False,10.2069,29.7961,4.6845,15.4943,1.0,-1.266412,-0.460921,,False
LUPIN.NS,ALKEM.NS,ZYDUSLIFE.NS,pharma,0,False,False,18.0536,29.7961,4.0645,15.4943,1.0,2.093305,-2.040493,,False
LUPIN.NS,ALKEM.NS,SANOFI.NS,pharma,0,False,False,16.6475,29.7961,4.1172,15.4943,1.0,0.870423,-2.943371,,False
LUPIN.NS,ALKEM.NS,LAURUSLABS.NS,pharma,0,False,False,18.0253,29.7961,5.0678,15.4943,1.0,-1.678757,0.323777,,False
LUPIN.NS,ALKEM.NS,GRANULES.NS,pharma,0,False,False,9.0879,29.7961,3.7664,15.4943,1.0,-2.965022,1.205266,,False
LUPIN.NS,ALKEM.NS,NATCOPHARM.NS,pharma,0,False,False,17.0676,29.7961,4.606,15.4943,1.0,0.266103,-1.400516,,False
LUPIN.NS,ALKEM.NS,GLENMARK.NS,pharma,0,False,False,19.5673,29.7961,4.3489,15.4943,1.0,0.951073,-1.330372,,False
LUPIN.NS,IPCALAB.NS,BIOCON.NS,pharma,0,False,False,11.2632,29.7961,3.0388,15.4943,1.0,-1.357369,0.983458,,False
LUPIN.NS,IPCALAB.NS,ABBOTINDIA.NS,pharma,0,False,False,20.9623,29.7961,9.5049,15.4943,1.0,-2.600403,2.459794,,False
LUPIN.NS,IPCALAB.NS,GLAXO.NS,pharma,0,False,False,14.7102,29.7961,6.7495,15.4943,1.0,1.972032,-5.380207,,False
LUPIN.NS,IPCALAB.NS,PFIZER.NS,pharma,0,False,False,18.1769,29.7961,5.1843,15.4943,1.0,-3.342976,4.619659,,False
LUPIN.NS,IPCALAB.NS,ZYDUSLIFE.NS,pharma,0,False,False,20.4118,29.7961,8.7937,15.4943,1.0,3.892057,-3.098502,,False
LUPIN.NS,IPCALAB.NS,SANOFI.NS,pharma,0,False,False,27.7443,29.7961,6.4272,15.4943,1.0,1.673892,-4.012859,,False
LUPIN.NS,IPCALAB.NS,LAURUSLABS.NS,pharma,0,False,False,20.9453,29.7961,6.5801,15.4943,1.0,-9.551187,3.294459,,False
LUPIN.NS,IPCALAB.NS,GRANULES.NS,pharma,0,False,False,22.8007,29.7961,4.9166,15.4943,1.0,-7.348216,4.324778,,False
LUPIN.NS,IPCALAB.NS,NATCOPHARM.NS,pharma,0,False,False,24.7903,29.7961,7.327,15.4943,1.0,0.998326,-2.184264,,False
LUPIN.NS,IPCALAB.NS,GLENMARK.NS,pharma,0,False,False,20.4348,29.7961,9.326,15.4943,1.0,0.5332,-1.062636,,False
LUPIN.NS,BIOCON.NS,ABBOTINDIA.NS,pharma,0,False,False,15.1591,29.7961,4.8753,15.4943,1.0,-7.006734,-8.351785,,False
LUPIN.NS,BIOCON.NS,GLAXO.NS,pharma,0,False,False,11.4306,29.7961,3.4548,15.4943,1.0,-0.35117,-1.754521,,False
LUPIN.NS,BIOCON.NS,PFIZER.NS,pharma,0,False,False,13.121,29.7961,2.7196,15.4943,1.0,3.468378,-5.218222,,False
LUPIN.NS,BIOCON.NS,ZYDUSLIFE.NS,pharma,0,False,False,8.3651,29.7961,3.0848,15.4943,1.0,0.564086,-0.929667,,False
LUPIN.NS,BIOCON.NS,SANOFI.NS,pharma,0,False,False,13.6438,29.7961,3.6182,15.4943,1.0,0.44754,-1.9723,,False
LUPIN.NS,BIOCON.NS,LAURUSLABS.NS,pharma,0,False,False,25.6122,29.7961,3.5496,15.4943,1.0,4.091582,-0.645568,,False
LUPIN.NS,BIOCON.NS,GRANULES.NS,pharma,0,False,False,8.4034,29.7961,2.4646,15.4943,1.0,2.915295,-1.755071,,False
LUPIN.NS,BIOCON.NS,NATCOPHARM.NS,pharma,0,False,False,21.1512,29.7961,3.2145,15.4943,1.0,0.64507,-1.381554,,False
LUPIN.NS,BIOCON.NS,GLENMARK.NS,pharma,0,False,False,17.8239,29.7961,4.0779,15.4943,1.0,-0.369273,-0.820601,,False
LUPIN.NS,ABBOTINDIA.NS,GLAXO.NS,pharma,0,False,False,20.1941,29.7961,7.1496,15.4943,1.0,1.150448,-2.664987,,False
LUPIN.NS,ABBOTINDIA.NS,PFIZER.NS,pharma,0,False,False,16.0637,29.7961,6.8521,15.4943,1.0,-13.21109,2.499857,,False
LUPIN.NS,ABBOTINDIA.NS,ZYDUSLIFE.NS,pharma,1,True,False,29.9648,29.7961,5.7201,15.4943,1.0,1.279027,-1.276871,43.54,True
LUPIN.NS,ABBOTINDIA.NS,SANOFI.NS,pharma,0,False,False,22.4634,29.7961,9.7105,15.4943,1.0,0.597728,-2.454389,,False
LUPIN.NS,ABBOTINDIA.NS,LAURUSLABS.NS,pharma,0,False,False,22.3769,29.7961,9.0203,15.4943,1.0,-6.821305,1.601785,,False
LUPIN.NS,ABBOTINDIA.NS,GRANULES.NS,pharma,0,False,False,16.0334,29.7961,6.3624,15.4943,1.0,10.440175,-4.072676,,False
LUPIN.NS,ABBOTINDIA.NS,NATCOPHARM.NS,pharma,0,False,False,23.1117,29.7961,9.6742,15.4943,1.0,0.391571,-1.324183,,False
LUPIN.NS,ABBOTINDIA.NS,GLENMARK.NS,pharma,0,False,False,26.9082,29.7961,6.04,15.4943,1.0,0.849847,-1.01383,,False
LUPIN.NS,GLAXO.NS,PFIZER.NS,pharma,0,False,False,12.8387,29.7961,5.3701,15.4943,1.0,-1.669423,-0.320005,,False
LUPIN.NS,GLAXO.NS,ZYDUSLIFE.NS,pharma,0,False,False,13.0115,29.7961,4.4355,15.4943,1.0,-3.843846,0.743054,,False
LUPIN.NS,GLAXO.NS,SANOFI.NS,pharma,0,False,False,19.3905,29.7961,7.4025,15.4943,1.0,6.180528,-7.339146,,False
LUPIN.NS,GLAXO.NS,LAURUSLABS.NS,pharma,0,False,False,14.0928,29.7961,4.7624,15.4943,1.0,-1.632636,-0.00565,,False
LUPIN.NS,GLAXO.NS,GRANULES.NS,pharma,0,False,False,12.4848,29.7961,3.9698,15.4943,1.0,-2.523522,0.335684,,False
LUPIN.NS,GLAXO.NS,NATCOPHARM.NS,pharma,0,False,False,19.6057,29.7961,7.1182,15.4943,1.0,0.122516,-1.20711,,False
LUPIN.NS,GLAXO.NS,GLENMARK.NS,pharma,0,False,False,16.7936,29.7961,7.2816,15.4943,1.0,0.513315,-1.027376,,False
LUPIN.NS,PFIZER.NS,ZYDUSLIFE.NS,pharma,0,False,False,13.3199,29.7961,5.3822,15.4943,1.0,1.503793,-1.212069,,False
LUPIN.NS,PFIZER.NS,SANOFI.NS,pharma,0,False,False,17.7465,29.7961,5.5789,15.4943,1.0,1.270497,-2.553345,,False
LUPIN.NS,PFIZER.NS,LAURUSLABS.NS,pharma,0,False,False,15.6369,29.7961,4.4341,15.4943,1.0,6.483501,-1.410527,,False
LUPIN.NS,PFIZER.NS,GRANULES.NS,pharma,0,False,False,11.3133,29.7961,3.9865,15.4943,1.0,721.163145,-224.454718,,False
LUPIN.NS,PFIZER.NS,NATCOPHARM.NS,pharma,0,False,False,26.2176,29.7961,5.6727,15.4943,1.0,1.291057,-1.797511,,False
LUPIN.NS,PFIZER.NS,GLENMARK.NS,pharma,0,False,False,16.0906,29.7961,6.8324,15.4943,1.0,-0.078027,-0.790821,,False
LUPIN.NS,ZYDUSLIFE.NS,SANOFI.NS,pharma,0,False,False,16.4805,29.7961,4.1188,15.4943,1.0,0.592525,-3.27109,,False
LUPIN.NS,ZYDUSLIFE.NS,LAURUSLABS.NS,pharma,0,False,False,24.0101,29.7961,6.0097,15.4943,1.0,-1.106181,0.278177,,False
LUPIN.NS,ZYDUSLIFE.NS,GRANULES.NS,pharma,0,False,False,15.3208,29.7961,5.1099,15.4943,1.0,-1.512416,0.864534,,False
LUPIN.NS,ZYDUSLIFE.NS,NATCOPHARM.NS,pharma,0,False,False,18.2291,29.7961,4.2548,15.4943,1.0,0.63746,-2.084133,,False
LUPIN.NS,ZYDUSLIFE.NS,GLENMARK.NS,pharma,1,True,False,34.3713,29.7961,6.8505,15.4943,1.0,1.53091,-2.353597,60.04,True
LUPIN.NS,SANOFI.NS,LAURUSLABS.NS,pharma,0,False,False,22.3085,29.7961,5.7299,15.4943,1.0,-2.987908,0.359274,,False
LUPIN.NS,SANOFI.NS,GRANULES.NS,pharma,0,False,False,17.9838,29.7961,4.2803,15.4943,1.0,-2.751084,0.545396,,False
LUPIN.NS,SANOFI.NS,NATCOPHARM.NS,pharma,0,False,False,26.7824,29.7961,7.9946,15.4943,1.0,6.958501,-6.049084,,False
LUPIN.NS,SANOFI.NS,GLENMARK.NS,pharma,0,False,False,19.4981,29.7961,7.4325,15.4943,1.0,-43.635075,16.707635,,False
LUPIN.NS,LAURUSLABS.NS,GRANULES.NS,pharma,0,False,False,21.7924,29.7961,4.974,15.4943,1.0,4.047485,-7.222333,,False
LUPIN.NS,LAURUSLABS.NS,NATCOPHARM.NS,pharma,1,True,False,31.3363,29.7961,6.4534,15.4943,1.0,0.290243,-1.965505,46.17,True
LUPIN.NS,LAURUSLABS.NS,GLENMARK.NS,pharma,0,False,False,22.0314,29.7961,6.7656,15.4943,1.0,0.081959,-0.851482,,False
LUPIN.NS,GRANULES.NS,NATCOPHARM.NS,pharma,0,False,False,19.6114,29.7961,4.1273,15.4943,1.0,0.362265,-1.64179,,False
LUPIN.NS,GRANULES.NS,GLENMARK.NS,pharma,0,False,False,20.0096,29.7961,6.8746,15.4943,1.0,0.402412,-1.106618,,False
LUPIN.NS,NATCOPHARM.NS,GLENMARK.NS,pharma,0,False,False,20.5319,29.7961,8.3425,15.4943,1.0,-0.834677,-0.235857,,False
AUROPHARMA.NS,DIVISLAB.NS,TORNTPHARM.NS,pharma,0,False,False,14.9739,29.7961,4.5188,15.4943,1.0,0.293548,-1.329874,,False
AUROPHARMA.NS,DIVISLAB.NS,ALKEM.NS,pharma,0,False,False,13.1289,29.7961,4.7252,15.4943,1.0,0.239328,-1.409638,,False
AUROPHARMA.NS,DIVISLAB.NS,IPCALAB.NS,pharma,0,False,False,21.2027,29.7961,7.7549,15.4943,1.0,2.390965,-3.677631,,False
AUROPHARMA.NS,DIVISLAB.NS,BIOCON.NS,pharma,0,False,False,10.6021,29.7961,3.0359,15.4943,1.0,-1.35311,1.316418,,False
AUROPHARMA.NS,DIVISLAB.NS,ABBOTINDIA.NS,pharma,0,False,False,21.4674,29.7961,9.3306,15.4943,1.0,3.058557,-7.229133,,False
AUROPHARMA.NS,DIVISLAB.NS,GLAXO.NS,pharma,0,False,False,14.6297,29.7961,3.3059,15.4943,1.0,-0.190036,-1.713184,,False
AUROPHARMA.NS,DIVISLAB.NS,PFIZER.NS,pharma,0,False,False,19.1778,29.7961,7.0034,15.4943,1.0,-3.517161,5.776962,,False
AUROPHARMA.NS,DIVISLAB.NS,ZYDUSLIFE.NS,pharma,0,False,False,20.7112,29.7961,5.0254,15.4943,1.0,0.462184,-1.142658,,False
AUROPHARMA.NS,DIVISLAB.NS,SANOFI.NS,pharma,0,False,False,21.6765,29.7961,6.5028,15.4943,1.0,0.431172,-2.442971,,False
AUROPHARMA.NS,DIVISLAB.NS,LAURUSLABS.NS,pharma,1,True,False,30.1513,29.7961,13.9705,15.4943,1.0,11.766046,-5.398758,43.77,True
AUROPHARMA.NS,DIVISLAB.NS,GRANULES.NS,pharma,0,False,False,17.5088,29.7961,8.2725,15.4943,1.0,6.460653,-5.140746,,False
AUROPHARMA.NS,DIVISLAB.NS,NATCOPHARM.NS,pharma,0,False,False,27.8827,29.7961,8.7684,15.4943,1.0,0.696219,-2.10112,,False
AUROPHARMA.NS,DIVISLAB.NS,GLENMARK.NS,pharma,0,False,False,17.2912,29.7961,6.4745,15.4943,1.0,-0.273087,-0.720842,,False
AUROPHARMA.NS,TORNTPHARM.NS,ALKEM.NS,pharma,0,False,False,25.0908,29.7961,6.6236,15.4943,1.0,94.943935,-105.193523,,False
AUROPHARMA.NS,TORNTPHARM.NS,IPCALAB.NS,pharma,0,False,False,13.5788,29.7961,5.005,15.4943,1.0,0.255364,-1.415271,,False
AUROPHARMA.NS,TORNTPHARM.NS,BIOCON.NS,pharma,0,False,False,9.7825,29.7961,3.0042,15.4943,1.0,-0.992698,-0.755562,,False
AUROPHARMA.NS,TORNTPHARM.NS,ABBOTINDIA.NS,pharma,1,True,False,41.0239,29.7961,8.2474,15.4943,1.0,-3.844281,3.709566,19.58,True
AUROPHARMA.NS,TORNTPHARM.NS,GLAXO.NS,pharma,0,False,False,19.7929,29.7961,6.482,15.4943,1.0,2.79901,-7.091976,,False
AUROPHARMA.NS,TORNTPHARM.NS,PFIZER.NS,pharma,0,False,False,13.6876,29.7961,5.254,15.4943,1.0,-0.908814,-0.399586,,False
AUROPHARMA.NS,TORNTPHARM.NS,ZYDUSLIFE.NS,pharma,0,False,False,19.1128,29.7961,8.2868,15.4943,1.0,1.774188,-2.015181,,False
AUROPHARMA.NS,TORNTPHARM.NS,SANOFI.NS,pharma,0,False,False,21.4593,29.7961,4.8326,15.4943,1.0,0.603566,-2.698702,,False
AUROPHARMA.NS,TORNTPHARM.NS,LAURUSLABS.NS,pharma,0,False,False,26.7074,29.7961,7.4244,15.4943,1.0,-0.916192,0.075297,,False
AUROPHARMA.NS,TORNTPHARM.NS,GRANULES.NS,pharma,0,False,False,13.1947,29.7961,6.5134,15.4943,1.0,-0.750899,-0.235707,,False
AUROPHARMA.NS,TORNTPHARM.NS,NATCOPHARM.NS,pharma,0,False,False,19.4578,29.7961,6.2253,15.4943,1.0,0.118368,-1.37817,,False
AUROPHARMA.NS,TORNTPHARM.NS,GLENMARK.NS,pharma,0,False,False,21.389,29.7961,4.8748,15.4943,1.0,1.507676,-1.886684,,False
AUROPHARMA.NS,ALKEM.NS,IPCALAB.NS,pharma,0,False,False,13.3749,29.7961,4.6328,15.4943,1.0,0.294893,-1.467652,,False
AUROPHARMA.NS,ALKEM.NS,BIOCON.NS,pharma,0,False,False,11.2721,29.7961,2.8835,15.4943,1.0,-0.998071,-0.94883,,False
AUROPHARMA.NS,ALKEM.NS,ABBOTINDIA.NS,pharma,1,True,False,34.1616,29.7961,7.7024,15.4943,1.0,-4.044554,3.708015,30.97,True
AUROPHARMA.NS,ALKEM.NS,GLAXO.NS,pharma,0,False,False,18.7681,29.7961,6.6274,15.4943,1.0,4.48031,-9.486096,,False
AUROPHARMA.NS,ALKEM.NS,PFIZER.NS,pharma,0,False,False,13.1779,29.7961,4.7073,15.4943,1.0,-1.089871,-0.31772,,False
AUROPHARMA.NS,ALKEM.NS,ZYDUSLIFE.NS,pharma,0,False,False,21.7951,29.7961,8.3113,15.4943,1.0,1.900202,-2.018294,,False
AUROPHARMA.NS,ALKEM.NS,SANOFI.NS,pharma,0,False,False,22.3854,29.7961,5.3988,15.4943,1.0,0.866529,-2.981906,,False
AUROPHARMA.NS,ALKEM.NS,LAURUSLABS.NS,pharma,0,False,False,25.4758,29.7961,6.002,15.4943,1.0,-1.160222,0.123045,,False
AUROPHARMA.NS,ALKEM.NS,GRANULES.NS,pharma,0,False,False,11.9691,29.7961,4.9398,15.4943,1.0,-0.995473,-0.175115,,False
AUROPHARMA.NS,ALKEM.NS,NATCOPHARM.NS,pharma,0,False,False,20.0189,29.7961,6.6234,15.4943,1.0,0.217043,-1.474792,,False
AUROPHARMA.NS,ALKEM.NS,GLENMARK.NS,pharma,0,False,False,18.1936,29.7961,4.8357,15.4943,1.0,1.873417,-1.975126,,False
AUROPHARMA.NS,IPCALAB.NS,BIOCON.NS,pharma,0,False,False,11.7259,29.7961,2.5827,15.4943,1.0,-1.455771,0.671654,,False
AUROPHARMA.NS,IPCALAB.NS,ABBOTINDIA.NS,pharma,0,False,False,21.8425,29.7961,11.7631,15.4943,1.0,-1.005349,-1.795578,,False
AUROPHARMA.NS,IPCALAB.NS,GLAXO.NS,pharma,0,False,False,18.6341,29.7961,7.7676,15.4943,1.0,-1.600915,1.134372,,False
AUROPHARMA.NS,IPCALAB.NS,PFIZER.NS,pharma,0,False,False,26.6989,29.7961,6.7238,15.4943,1.0,-3.292904,4.217562,,False
AUROPHARMA.NS,IPCALAB.NS,ZYDUSLIFE.NS,pharma,0,False,False,18.3115,29.7961,5.4436,15.4943,1.0,-0.63802,-0.43381,,False
AUROPHARMA.NS,IPCALAB.NS,SANOFI.NS,pharma,1,True,False,30.053,29.7961,10.6384,15.4943,1.0,1.78985,-4.426783,37.6,True
AUROPHARMA.NS,IPCALAB.NS,LAURUSLABS.NS,pharma,0,False,False,29.6947,29.7961,13.9324,15.4943,1.0,5.284767,-2.153989,,False
AUROPHARMA.NS,IPCALAB.NS,GRANULES.NS,pharma,0,False,False,22.1899,29.7961,7.3134,15.4943,1.0,-6.2688,3.343708,,False
AUROPHARMA.NS,IPCALAB.NS,NATCOPHARM.NS,pharma,1,True,False,30.1269,29.7961,10.611,15.4943,1.0,1.3422,-2.715146,35.05,True
AUROPHARMA.NS,IPCALAB.NS,GLENMARK.NS,pharma,0,False,False,16.4741,29.7961,5.8658,15.4943,1.0,-1.128508,-0.224673,,False
AUROPHARMA.NS,BIOCON.NS,ABBOTINDIA.NS,pharma,0,False,False,17.9241,29.7961,5.0543,15.4943,1.0,-2.461279,-2.716058,,False
AUROPHARMA.NS,BIOCON.NS,GLAXO.NS,pharma,0,False,False,13.5932,29.7961,2.8683,15.4943,1.0,-0.675356,-1.481435,,False
AUROPHARMA.NS,BIOCON.NS,PFIZER.NS,pharma,0,False,False,12.9426,29.7961,3.0351,15.4943,1.0,2.922305,-5.054331,,False
AUROPHARMA.NS,BIOCON.NS,ZYDUSLIFE.NS,pharma,0,False,False,12.791,29.7961,3.2743,15.4943,1.0,-0.283588,-0.790659,,False
AUROPHARMA.NS,BIOCON.NS,SANOFI.NS,pharma,0,False,False,16.0851,29.7961,3.5201,15.4943,1.0,-0.051365,-1.854536,,False
AUROPHARMA.NS,BIOCON.NS,LAURUSLABS.NS,pharma,0,False,False,27.7159,29.7961,4.0261,15.4943,1.0,1.963262,-0.428687,,False
AUROPHARMA.NS,BIOCON.NS,GRANULES.NS,pharma,0,False,False,9.4568,29.7961,2.902,15.4943,1.0,0.42507,-0.906163,,False
AUROPHARMA.NS,BIOCON.NS,NATCOPHARM.NS,pharma,0,False,False,18.4877,29.7961,3.0892,15.4943,1.0,0.473184,-1.48891,,False
AUROPHARMA.NS,BIOCON.NS,GLENMARK.NS,pharma,0,False,False,19.4177,29.7961,2.8155,15.4943,1.0,-0.684176,-0.850002,,False
AUROPHARMA.NS,ABBOTINDIA.NS,GLAXO.NS,pharma,0,False,False,26.2365,29.7961,9.2845,15.4943,1.0,2.085381,-4.029427,,False
AUROPHARMA.NS,ABBOTINDIA.NS,PFIZER.NS,pharma,0,False,False,20.0769,29.7961,9.2255,15.4943,1.0,-3.185068,0.484971,,False
AUROPHARMA.NS,ABBOTINDIA.NS,ZYDUSLIFE.NS,pharma,1,True,False,31.5656,29.7961,9.7929,15.4943,1.0,1.844868,-1.601687,45.36,True
AUROPHARMA.NS,ABBOTINDIA.NS,SANOFI.NS,pharma,0,False,False,29.7381,29.7961,12.2848,15.4943,1.0,0.691066,-2.592697,,False
AUROPHARMA.NS,ABBOTINDIA.NS,LAURUSLABS.NS,pharma,1,True,False,31.9487,29.7961,15.0222,15.4943,1.0,-1.672669,0.222884,130.17,False
AUROPHARMA.NS,ABBOTINDIA.NS,GRANULES.NS,pharma,0,False,False,20.6646,29.7961,9.5002,15.4943,1.0,12.436762,-5.149151,,False
AUROPHARMA.NS,ABBOTINDIA.NS,NATCOPHARM.NS,pharma,0,False,False,27.2863,29.7961,13.2686,15.4943,1.0,0.372874,-1.465629,,False
AUROPHARMA.NS,ABBOTINDIA.NS,GLENMARK.NS,pharma,0,False,False,27.2213,29.7961,6.1099,15.4943,1.0,1.143741,-1.211746,,False
AUROPHARMA.NS,GLAXO.NS,PFIZER.NS,pharma,0,False,False,14.21,29.7961,4.9133,15.4943,1.0,-0.944857,-1.100703,,False
AUROPHARMA.NS,GLAXO.NS,ZYDUSLIFE.NS,pharma,0,False,False,20.397,29.7961,9.7016,15.4943,1.0,34.853699,-13.802737,,False
AUROPHARMA.NS,GLAXO.NS,SANOFI.NS,pharma,0,False,False,27.8474,29.7961,8.625,15.4943,1.0,2.562427,-3.785718,,False
AUROPHARMA.NS,GLAXO.NS,LAURUSLABS.NS,pharma,0,False,False,19.9054,29.7961,4.2806,15.4943,1.0,-0.706709,-0.159905,,False
AUROPHARMA.NS,GLAXO.NS,GRANULES.NS,pharma,0,False,False,16.1762,29.7961,8.1532,15.4943,1.0,13.971114,-5.809492,,False
AUROPHARMA.NS,GLAXO.NS,NATCOPHARM.NS,pharma,0,False,False,24.0113,29.7961,6.9887,15.4943,1.0,0.334859,-1.364268,,False
AUROPHARMA.NS,GLAXO.NS,GLENMARK.NS,pharma,0,False,False,14.6629,29.7961,5.8195,15.4943,1.0,-65.353697,27.865749,,False
AUROPHARMA.NS,PFIZER.NS,ZYDUSLIFE.NS,pharma,0,False,False,19.4585,29.7961,5.8223,15.4943,1.0,0.173903,-0.894828,,False
AUROPHARMA.NS,PFIZER.NS,SANOFI.NS,pharma,0,False,False,22.4981,29.7961,7.3251,15.4943,1.0,0.916985,-2.431405,,False
AUROPHARMA.NS,PFIZER.NS,LAURUSLABS.NS,pharma,0,False,False,23.6377,29.7961,6.8721,15.4943,1.0,1.604164,-0.529869,,False
AUROPHARMA.NS,PFIZER.NS,GRANULES.NS,pharma,0,False,False,14.9387,29.7961,7.3117,15.4943,1.0,2.191978,-1.405031,,False
AUROPHARMA.NS,PFIZER.NS,NATCOPHARM.NS,pharma,1,True,False,30.0224,29.7961,7.9535,15.4943,1.0,1.401489,-2.015157,22.31,True
AUROPHARMA.NS,PFIZER.NS,GLENMARK.NS,pharma,0,False,False,17.2049,29.7961,5.989,15.4943,1.0,-0.843588,-0.703667,,False
AUROPHARMA.NS,ZYDUSLIFE.NS,SANOFI.NS,pharma,0,False,False,23.2492,29.7961,5.7113,15.4943,1.0,0.176967,-2.31423,,False
AUROPHARMA.NS,ZYDUSLIFE.NS,LAURUSLABS.NS,pharma,1,True,False,35.6675,29.7961,7.6906,15.4943,1.0,-0.913569,0.137131,111.5,True
AUROPHARMA.NS,ZYDUSLIFE.NS,GRANULES.NS,pharma,0,False,False,18.7143,29.7961,6.4458,15.4943,1.0,-0.978803,0.104314,,False
AUROPHARMA.NS,ZYDUSLIFE.NS,NATCOPHARM.NS,pharma,0,False,False,23.4229,29.7961,9.6923,15.4943,1.0,0.442738,-1.940761,,False
AUROPHARMA.NS,ZYDUSLIFE.NS,GLENMARK.NS,pharma,0,False,False,28.774,29.7961,5.6907,15.4943,1.0,6.349661,-7.288788,,False
AUROPHARMA.NS,SANOFI.NS,LAURUSLABS.NS,pharma,0,False,False,29.337,29.7961,14.1058,15.4943,1.0,-1.626952,0.038418,,False
AUROPHARMA.NS,SANOFI.NS,GRANULES.NS,pharma,0,False,False,20.7272,29.7961,6.7119,15.4943,1.0,-2.723462,0.407332,,False
AUROPHARMA.NS,SANOFI.NS,NATCOPHARM.NS,pharma,1,True,False,31.0604,29.7961,12.8635,15.4943,1.0,7.303197,-6.513144,44.16,True
AUROPHARMA.NS,SANOFI.NS,GLENMARK.NS,pharma,0,False,False,19.879,29.7961,5.8408,15.4943,1.0,-2.848155,0.371875,,False
AUROPHARMA.NS,LAURUSLABS.NS,GRANULES.NS,pharma,0,False,False,28.8447,29.7961,12.7504,15.4943,1.0,-1.941297,2.947223,,False
AUROPHARMA.NS,LAURUSLABS.NS,NATCOPHARM.NS,pharma,1,True,False,30.5218,29.7961,13.788,15.4943,1.0,0.588415,-3.462599,60.42,True
AUROPHARMA.NS,LAURUSLABS.NS,GLENMARK.NS,pharma,1,True,False,30.28,29.7961,5.9521,15.4943,1.0,-0.047758,-0.686447,83.93,True
AUROPHARMA.NS,GRANULES.NS,NATCOPHARM.NS,pharma,0,False,False,21.9303,29.7961,7.3773,15.4943,1.0,0.268884,-1.692461,,False
AUROPHARMA.NS,GRANULES.NS,GLENMARK.NS,pharma,0,False,False,19.4692,29.7961,9.1579,15.4943,1.0,-1.14762,-0.030746,,False
AUROPHARMA.NS,NATCOPHARM.NS,GLENMARK.NS,pharma,0,False,False,18.6973,29.7961,5.2706,15.4943,1.0,-1.029049,-0.200192,,False
DIVISLAB.NS,TORNTPHARM.NS,ALKEM.NS,pharma,0,False,False,23.9356,29.7961,3.9805,15.4943,1.0,4.563386,-6.105528,,False
DIVISLAB.NS,TORNTPHARM.NS,IPCALAB.NS,pharma,0,False,False,15.5752,29.7961,4.9479,15.4943,1.0,0.32671,-1.457569,,False
DIVISLAB.NS,TORNTPHARM.NS,BIOCON.NS,pharma,0,False,False,12.4794,29.7961,2.5007,15.4943,1.0,-0.737917,-1.193828,,False
DIVISLAB.NS,TORNTPHARM.NS,ABBOTINDIA.NS,pharma,0,False,False,27.205,29.7961,5.6485,15.4943,1.0,50.144731,-56.181646,,False
DIVISLAB.NS,TORNTPHARM.NS,GLAXO.NS,pharma,0,False,False,12.2888,29.7961,2.9394,15.4943,1.0,-3.232104,6.909232,,False
DIVISLAB.NS,TORNTPHARM.NS,PFIZER.NS,pharma,0,False,False,15.2783,29.7961,3.6892,15.4943,1.0,-0.295208,-1.624801,,False
DIVISLAB.NS,TORNTPHARM.NS,ZYDUSLIFE.NS,pharma,0,False,False,19.274,29.7961,4.9011,15.4943,1.0,-6.950311,4.072258,,False
DIVISLAB.NS,TORNTPHARM.NS,SANOFI.NS,pharma,0,False,False,13.7704,29.7961,4.4113,15.4943,1.0,3.08767,-7.954286,,False
DIVISLAB.NS,TORNTPHARM.NS,LAURUSLABS.NS,pharma,0,False,False,17.879,29.7961,3.0951,15.4943,1.0,0.03467,-0.45117,,False
DIVISLAB.NS,TORNTPHARM.NS,GRANULES.NS,pharma,0,False,False,16.3622,29.7961,4.5575,15.4943,1.0,0.734256,-1.149301,,False
DIVISLAB.NS,TORNTPHARM.NS,NATCOPHARM.NS,pharma,0,False,False,16.233,29.7961,5.2361,15.4943,1.0,0.152909,-1.736526,,False
DIVISLAB.NS,TORNTPHARM.NS,GLENMARK.NS,pharma,0,False,False,22.5423,29.7961,3.8779,15.4943,1.0,-4.706451,2.760435,,False
DIVISLAB.NS,ALKEM.NS,IPCALAB.NS,pharma,0,False,False,15.2651,29.7961,5.2347,15.4943,1.0,0.230592,-1.341136,,False
DIVISLAB.NS,ALKEM.NS,BIOCON.NS,pharma,0,False,False,16.496,29.7961,4.787,15.4943,1.0,-0.962823,-0.962276,,False
DIVISLAB.NS,ALKEM.NS,ABBOTINDIA.NS,pharma,0,False,False,20.2836,29.7961,5.1919,15.4943,1.0,-3.77624,2.913024,,False
DIVISLAB.NS,ALKEM.NS,GLAXO.NS,pharma,0,False,False,16.2749,29.7961,3.5998,15.4943,1.0,-2.509036,3.547246,,False
DIVISLAB.NS,ALKEM.NS,PFIZER.NS,pharma,0,False,False,16.6254,29.7961,4.1239,15.4943,1.0,-0.444522,-1.427713,,False
DIVISLAB.NS,ALKEM.NS,ZYDUSLIFE.NS,pharma,0,False,False,18.147,29.7961,6.3005,15.4943,1.0,-6.461737,3.44606,,False
DIVISLAB.NS,ALKEM.NS,SANOFI.NS,pharma,0,False,False,14.931,29.7961,5.5379,15.4943,1.0,-94.911373,165.419561,,False
DIVISLAB.NS,ALKEM.NS,LAURUSLABS.NS,pharma,0,False,False,22.2268,29.7961,3.7903,15.4943,1.0,-0.138988,-0.395162,,False
DIVISLAB.NS,ALKEM.NS,GRANULES.NS,pharma,0,False,False,13.9701,29.7961,4.1846,15.4943,1.0,0.371117,-0.87061,,False
DIVISLAB.NS,ALKEM.NS,NATCOPHARM.NS,pharma,0,False,False,15.3669,29.7961,5.3737,15.4943,1.0,-0.061273,-1.436175,,False
DIVISLAB.NS,ALKEM.NS,GLENMARK.NS,pharma,0,False,False,17.6052,29.7961,4.3178,15.4943,1.0,-6.202466,3.292915,,False
DIVISLAB.NS,IPCALAB.NS,BIOCON.NS,pharma,0,False,False,17.2541,29.7961,7.355,15.4943,1.0,-1.193632,0.155329,,False
DIVISLAB.NS,IPCALAB.NS,ABBOTINDIA.NS,pharma,0,False,False,20.2285,29.7961,10.325,15.4943,1.0,-1.351025,0.132842,,False
DIVISLAB.NS,IPCALAB.NS,GLAXO.NS,pharma,0,False,False,25.3755,29.7961,8.2759,15.4943,1.0,-1.583149,1.141051,,False
DIVISLAB.NS,IPCALAB.NS,PFIZER.NS,pharma,0,False,False,23.4553,29.7961,12.9214,15.4943,1.0,0.747699,-3.230665,,False
DIVISLAB.NS,IPCALAB.NS,ZYDUSLIFE.NS,pharma,0,False,False,22.2626,29.7961,5.7668,15.4943,1.0,-1.31534,-0.003656,,False
DIVISLAB.NS,IPCALAB.NS,SANOFI.NS,pharma,0,False,False,28.6901,29.7961,11.5415,15.4943,1.0,-3.186201,3.397532,,False
DIVISLAB.NS,IPCALAB.NS,LAURUSLABS.NS,pharma,2,True,True,32.7001,29.7961,17.3942,15.4943,1.0,-0.309761,-0.332126,28.07,True
DIVISLAB.NS,IPCALAB.NS,GRANULES.NS,pharma,0,False,False,25.2966,29.7961,11.4902,15.4943,1.0,-6.033906,3.02349,,False
DIVISLAB.NS,IPCALAB.NS,NATCOPHARM.NS,pharma,0,False,False,24.5529,29.7961,12.006,15.4943,1.0,27.274573,-36.397724,,False
DIVISLAB.NS,IPCALAB.NS,GLENMARK.NS,pharma,0,False,False,18.9065,29.7961,8.1569,15.4943,1.0,-1.592058,0.252243,,False
DIVISLAB.NS,BIOCON.NS,ABBOTINDIA.NS,pharma,0,False,False,23.1549,29.7961,9.0091,15.4943,1.0,-1.392615,-1.156941,,False
DIVISLAB.NS,BIOCON.NS,GLAXO.NS,pharma,0,False,False,13.4968,29.7961,6.6693,15.4943,1.0,-1.630902,-0.475646,,False
DIVISLAB.NS,BIOCON.NS,PFIZER.NS,pharma,0,False,False,24.516,29.7961,8.3739,15.4943,1.0,1.143758,-2.993734,,False
DIVISLAB.NS,BIOCON.NS,ZYDUSLIFE.NS,pharma,0,False,False,13.579,29.7961,4.1338,15.4943,1.0,-1.108387,-0.542757,,False
DIVISLAB.NS,BIOCON.NS,SANOFI.NS,pharma,0,False,False,14.0387,29.7961,6.2997,15.4943,1.0,-0.695531,-1.496891,,False
DIVISLAB.NS,BIOCON.NS,LAURUSLABS.NS,pharma,2,True,True,43.4108,29.7961,19.726,15.4943,1.0,-0.314568,-0.410117,33.7,True
DIVISLAB.NS,BIOCON.NS,GRANULES.NS,pharma,0,False,False,15.2205,29.7961,4.5146,15.4943,1.0,-0.426147,-0.586102,,False
DIVISLAB.NS,BIOCON.NS,NATCOPHARM.NS,pharma,0,False,False,15.7752,29.7961,5.821,15.4943,1.0,0.122993,-1.601921,,False
DIVISLAB.NS,BIOCON.NS,GLENMARK.NS,pharma,0,False,False,14.8,29.7961,4.5203,15.4943,1.0,-1.093663,-0.550335,,False
DIVISLAB.NS,ABBOTINDIA.NS,GLAXO.NS,pharma,0,False,False,14.8498,29.7961,7.0525,15.4943,1.0,37.849563,-65.778077,,False
DIVISLAB.NS,ABBOTINDIA.NS,PFIZER.NS,pharma,0,False,False,19.6576,29.7961,7.676,15.4943,1.0,-0.366747,-1.697016,,False
DIVISLAB.NS,ABBOTINDIA.NS,ZYDUSLIFE.NS,pharma,0,False,False,27.1998,29.7961,6.7262,15.4943,1.0,-3.26743,0.991235,,False
DIVISLAB.NS,ABBOTINDIA.NS,SANOFI.NS,pharma,0,False,False,18.0604,29.7961,10.542,15.4943,1.0,12.792949,-26.5221,,False
DIVISLAB.NS,ABBOTINDIA.NS,LAURUSLABS.NS,pharma,0,False,False,24.5292,29.7961,7.1926,15.4943,1.0,-0.019343,-0.414741,,False
DIVISLAB.NS,ABBOTINDIA.NS,GRANULES.NS,pharma,0,False,False,19.2835,29.7961,9.8332,15.4943,1.0,0.434747,-0.887954,,False
DIVISLAB.NS,ABBOTINDIA.NS,NATCOPHARM.NS,pharma,0,False,False,21.272,29.7961,10.3197,15.4943,1.0,-0.361405,-1.19715,,False
DIVISLAB.NS,ABBOTINDIA.NS,GLENMARK.NS,pharma,0,False,False,23.3421,29.7961,4.9932,15.4943,1.0,-9.14381,3.185954,,False
DIVISLAB.NS,GLAXO.NS,PFIZER.NS,pharma,0,False,False,22.5548,29.7961,8.0644,15.4943,1.0,0.149467,-2.097308,,False
DIVISLAB.NS,GLAXO.NS,ZYDUSLIFE.NS,pharma,0,False,False,15.9008,29.7961,4.8075,15.4943,1.0,5.429567,-2.17812,,False
DIVISLAB.NS,GLAXO.NS,SANOFI.NS,pharma,0,False,False,23.9958,29.7961,4.5787,15.4943,1.0,4.566055,-5.280377,,False
DIVISLAB.NS,GLAXO.NS,LAURUSLABS.NS,pharma,0,False,False,24.4427,29.7961,6.9904,15.4943,1.0,0.003274,-0.439118,,False
DIVISLAB.NS,GLAXO.NS,GRANULES.NS,pharma,0,False,False,19.8212,29.7961,7.2039,15.4943,1.0,1.053303,-0.919057,,False
DIVISLAB.NS,GLAXO.NS,NATCOPHARM.NS,pharma,0,False,False,23.4989,29.7961,6.0385,15.4943,1.0,2.743355,-2.903539,,False
DIVISLAB.NS,GLAXO.NS,GLENMARK.NS,pharma,0,False,False,15.1921,29.7961,4.9658,15.4943,1.0,5.797482,-2.575353,,False
DIVISLAB.NS,PFIZER.NS,ZYDUSLIFE.NS,pharma,0,False,False,17.0643,29.7961,4.994,15.4943,1.0,-1.525688,-0.318482,,False
DIVISLAB.NS,PFIZER.NS,SANOFI.NS,pharma,0,False,False,19.2167,29.7961,8.0163,15.4943,1.0,-1.682237,-0.47099,,False
DIVISLAB.NS,PFIZER.NS,LAURUSLABS.NS,pharma,1,True,False,34.5243,29.7961,14.1377,15.4943,1.0,-0.577545,-0.330862,22.52,True
DIVISLAB.NS,PFIZER.NS,GRANULES.NS,pharma,0,False,False,20.0643,29.7961,7.9726,15.4943,1.0,-0.973831,-0.379535,,False
DIVISLAB.NS,PFIZER.NS,NATCOPHARM.NS,pharma,0,False,False,22.8516,29.7961,11.5433,15.4943,1.0,-0.59692,-1.045126,,False
DIVISLAB.NS,PFIZER.NS,GLENMARK.NS,pharma,0,False,False,19.5017,29.7961,7.0459,15.4943,1.0,-1.554465,-0.245686,,False
DIVISLAB.NS,ZYDUSLIFE.NS,SANOFI.NS,pharma,0,False,False,17.4466,29.7961,6.5928,15.4943,1.0,1.444181,-6.224732,,False
DIVISLAB.NS,ZYDUSLIFE.NS,LAURUSLABS.NS,pharma,0,False,False,20.7939,29.7961,5.7591,15.4943,1.0,0.000767,-0.443238,,False
DIVISLAB.NS,ZYDUSLIFE.NS,GRANULES.NS,pharma,0,False,False,20.0836,29.7961,5.2427,15.4943,1.0,0.18095,-0.946891,,False
DIVISLAB.NS,ZYDUSLIFE.NS,NATCOPHARM.NS,pharma,0,False,False,22.2746,29.7961,7.593,15.4943,1.0,2.146614,-4.977722,,False
DIVISLAB.NS,ZYDUSLIFE.NS,GLENMARK.NS,pharma,1,True,False,39.4518,29.7961,5.6188,15.4943,1.0,-2.641577,2.054408,72.34,True
DIVISLAB.NS,SANOFI.NS,LAURUSLABS.NS,pharma,0,False,False,29.7586,29.7961,14.0254,15.4943,1.0,-0.248578,-0.400312,,False
DIVISLAB.NS,SANOFI.NS,GRANULES.NS,pharma,0,False,False,18.0121,29.7961,9.1354,15.4943,1.0,-0.495522,-0.4574,,False
DIVISLAB.NS,SANOFI.NS,NATCOPHARM.NS,pharma,0,False,False,26.1273,29.7961,10.1549,15.4943,1.0,12.988871,-11.57468,,False
DIVISLAB.NS,SANOFI.NS,GLENMARK.NS,pharma,0,False,False,19.2813,29.7961,6.9908,15.4943,1.0,-12.10334,4.433117,,False
DIVISLAB.NS,LAURUSLABS.NS,GRANULES.NS,pharma,0,False,False,29.6008,29.7961,12.6041,15.4943,1.0,-0.646126,0.345907,,False
DIVISLAB.NS,LAURUSLABS.NS,NATCOPHARM.NS,pharma,2,True,True,34.2881,29.7961,16.9974,15.4943,1.0,-0.249272,-0.762525,45.09,True
DIVISLAB.NS,LAURUSLABS.NS,GLENMARK.NS,pharma,0,False,False,22.7831,29.7961,7.2926,15.4943,1.0,-0.438863,0.04114,,False
DIVISLAB.NS,GRANULES.NS,NATCOPHARM.NS,pharma,0,False,False,21.2966,29.7961,9.2724,15.4943,1.0,-0.451028,-0.577455,,False
DIVISLAB.NS,GRANULES.NS,GLENMARK.NS,pharma,0,False,False,21.9754,29.7961,8.7553,15.4943,1.0,-1.171539,0.432405,,False
DIVISLAB.NS,NATCOPHARM.NS,GLENMARK.NS,pharma,0,False,False,24.9043,29.7961,7.8424,15.4943,1.0,-1.79345,0.434347,,False
TORNTPHARM.NS,ALKEM.NS,IPCALAB.NS,pharma,0,False,False,24.885,29.7961,5.4036,15.4943,1.0,-1.3096,0.203606,,False
TORNTPHARM.NS,ALKEM.NS,BIOCON.NS,pharma,0,False,False,22.3772,29.7961,3.9723,15.4943,1.0,-1.12997,0.122732,,False
TORNTPHARM.NS,ALKEM.NS,ABBOTINDIA.NS,pharma,1,True,False,38.5916,29.7961,14.901,15.4943,1.0,-0.411846,-0.692267,26.79,True
TORNTPHARM.NS,ALKEM.NS,GLAXO.NS,pharma,0,False,False,24.8153,29.7961,7.7747,15.4943,1.0,-1.251334,0.242764,,False
TORNTPHARM.NS,ALKEM.NS,PFIZER.NS,pharma,0,False,False,23.3938,29.7961,4.326,15.4943,1.0,-1.229684,0.249761,,False
TORNTPHARM.NS,ALKEM.NS,ZYDUSLIFE.NS,pharma,1,True,False,30.1836,29.7961,10.2683,15.4943,1.0,-1.003543,-0.056966,26.17,True
TORNTPHARM.NS,ALKEM.NS,SANOFI.NS,pharma,0,False,False,23.942,29.7961,6.97,15.4943,1.0,-1.252206,0.217539,,False
TORNTPHARM.NS,ALKEM.NS,LAURUSLABS.NS,pharma,0,False,False,22.3005,29.7961,2.6306,15.4943,1.0,-1.27646,0.052754,,False
TORNTPHARM.NS,ALKEM.NS,GRANULES.NS,pharma,0,False,False,22.4366,29.7961,4.4753,15.4943,1.0,-1.146582,-0.006104,,False
TORNTPHARM.NS,ALKEM.NS,NATCOPHARM.NS,pharma,0,False,False,25.6827,29.7961,5.1919,15.4943,1.0,-1.241037,0.225881,,False
TORNTPHARM.NS,ALKEM.NS,GLENMARK.NS,pharma,1,True,False,36.3131,29.7961,13.615,15.4943,1.0,-0.847482,-0.194556,30.4,True
TORNTPHARM.NS,IPCALAB.NS,BIOCON.NS,pharma,0,False,False,29.7352,29.7961,2.4803,15.4943,1.0,-1.345094,1.107372,,False
TORNTPHARM.NS,IPCALAB.NS,ABBOTINDIA.NS,pharma,1,True,False,29.9116,29.7961,8.0591,15.4943,1.0,-0.059305,-1.06175,32.09,True
TORNTPHARM.NS,IPCALAB.NS,GLAXO.NS,pharma,0,False,False,15.2468,29.7961,6.5556,15.4943,1.0,0.210607,-2.720125,,False
TORNTPHARM.NS,IPCALAB.NS,PFIZER.NS,pharma,0,False,False,25.3099,29.7961,4.0826,15.4943,1.0,-2.592977,3.008386,,False
TORNTPHARM.NS,IPCALAB.NS,ZYDUSLIFE.NS,pharma,0,False,False,15.5583,29.7961,5.7603,15.4943,1.0,0.400854,-0.899847,,False
TORNTPHARM.NS,IPCALAB.NS,SANOFI.NS,pharma,0,False,False,22.5125,29.7961,6.2856,15.4943,1.0,6.040216,-11.730187,,False
TORNTPHARM.NS,IPCALAB.NS,LAURUSLABS.NS,pharma,0,False,False,20.7279,29.7961,5.5137,15.4943,1.0,-4.904145,1.432327,,False
TORNTPHARM.NS,IPCALAB.NS,GRANULES.NS,pharma,0,False,False,21.2058,29.7961,5.1456,15.4943,1.0,3.366677,-2.709265,,False
TORNTPHARM.NS,IPCALAB.NS,NATCOPHARM.NS,pharma,0,False,False,19.1395,29.7961,4.4173,15.4943,1.0,-3.233713,2.954566,,False
TORNTPHARM.NS,IPCALAB.NS,GLENMARK.NS,pharma,0,False,False,21.3204,29.7961,6.4238,15.4943,1.0,-0.158057,-0.700102,,False
TORNTPHARM.NS,BIOCON.NS,ABBOTINDIA.NS,pharma,1,True,False,31.1055,29.7961,8.0416,15.4943,1.0,-0.018115,-1.095432,31.95,True
TORNTPHARM.NS,BIOCON.NS,GLAXO.NS,pharma,0,False,False,11.9194,29.7961,3.5356,15.4943,1.0,0.249208,-2.328086,,False
TORNTPHARM.NS,BIOCON.NS,PFIZER.NS,pharma,0,False,False,19.5268,29.7961,2.6004,15.4943,1.0,2.3553,-3.405824,,False
TORNTPHARM.NS,BIOCON.NS,ZYDUSLIFE.NS,pharma,0,False,False,13.4005,29.7961,3.7323,15.4943,1.0,0.151443,-0.712833,,False
TORNTPHARM.NS,BIOCON.NS,SANOFI.NS,pharma,0,False,False,18.3753,29.7961,3.3983,15.4943,1.0,0.84434,-2.158373,,False
TORNTPHARM.NS,BIOCON.NS,LAURUSLABS.NS,pharma,1,True,False,31.4796,29.7961,4.1772,15.4943,1.0,1.825707,-0.532774,90.44,True
TORNTPHARM.NS,BIOCON.NS,GRANULES.NS,pharma,0,False,False,21.7697,29.7961,2.522,15.4943,1.0,0.779788,-0.778518,,False
TORNTPHARM.NS,BIOCON.NS,NATCOPHARM.NS,pharma,0,False,False,14.2173,29.7961,2.7179,15.4943,1.0,1.575949,-2.006042,,False
TORNTPHARM.NS,BIOCON.NS,GLENMARK.NS,pharma,0,False,False,19.0666,29.7961,5.1008,15.4943,1.0,0.070419,-0.755406,,False
TORNTPHARM.NS,ABBOTINDIA.NS,GLAXO.NS,pharma,1,True,False,33.5772,29.7961,8.9416,15.4943,1.0,-0.909379,-0.432277,25.51,True
TORNTPHARM.NS,ABBOTINDIA.NS,PFIZER.NS,pharma,0,False,False,28.0124,29.7961,6.3693,15.4943,1.0,-1.122701,0.066113,,False
TORNTPHARM.NS,ABBOTINDIA.NS,ZYDUSLIFE.NS,pharma,1,True,False,38.5084,29.7961,11.3466,15.4943,1.0,-0.877257,-0.21846,26.69,True
TORNTPHARM.NS,ABBOTINDIA.NS,SANOFI.NS,pharma,1,True,False,33.1646,29.7961,7.7899,15.4943,1.0,-0.909751,-0.413066,28.06,True
TORNTPHARM.NS,ABBOTINDIA.NS,LAURUSLABS.NS,pharma,0,False,False,27.3426,29.7961,4.8187,15.4943,1.0,-1.090089,-0.011272,,False
TORNTPHARM.NS,ABBOTINDIA.NS,GRANULES.NS,pharma,0,False,False,29.3517,29.7961,7.2187,15.4943,1.0,-0.982865,-0.091902,,False
TORNTPHARM.NS,ABBOTINDIA.NS,NATCOPHARM.NS,pharma,1,True,False,31.0466,29.7961,7.5065,15.4943,1.0,-1.009207,-0.197692,28.29,True
TORNTPHARM.NS,ABBOTINDIA.NS,GLENMARK.NS,pharma,2,True,True,53.3172,29.7961,18.4934,15.4943,1.0,-0.826794,-0.28866,13.89,True
TORNTPHARM.NS,GLAXO.NS,PFIZER.NS,pharma,0,False,False,14.5502,29.7961,5.1006,15.4943,1.0,-2.181598,-0.021244,,False
TORNTPHARM.NS,GLAXO.NS,ZYDUSLIFE.NS,pharma,0,False,False,17.3084,29.7961,7.5568,15.4943,1.0,-0.654753,-0.510588,,False
TORNTPHARM.NS,GLAXO.NS,SANOFI.NS,pharma,0,False,False,18.5361,29.7961,6.8917,15.4943,1.0,-58.651411,52.403172,,False
TORNTPHARM.NS,GLAXO.NS,LAURUSLABS.NS,pharma,0,False,False,12.5825,29.7961,3.2436,15.4943,1.0,-1.777361,-0.123026,,False
TORNTPHARM.NS,GLAXO.NS,GRANULES.NS,pharma,0,False,False,14.9546,29.7961,5.213,15.4943,1.0,-1.312752,-0.361577,,False
TORNTPHARM.NS,GLAXO.NS,NATCOPHARM.NS,pharma,0,False,False,14.5988,29.7961,4.9674,15.4943,1.0,-4.105473,1.421048,,False
TORNTPHARM.NS,GLAXO.NS,GLENMARK.NS,pharma,0,False,False,26.9568,29.7961,9.8918,15.4943,1.0,-0.858316,-0.499422,,False
TORNTPHARM.NS,PFIZER.NS,ZYDUSLIFE.NS,pharma,0,False,False,14.5364,29.7961,3.8187,15.4943,1.0,0.413524,-0.785477,,False
TORNTPHARM.NS,PFIZER.NS,SANOFI.NS,pharma,0,False,False,15.7472,29.7961,5.1503,15.4943,1.0,1.317068,-2.844816,,False
TORNTPHARM.NS,PFIZER.NS,LAURUSLABS.NS,pharma,0,False,False,14.6554,29.7961,3.4769,15.4943,1.0,6.073232,-1.484738,,False
TORNTPHARM.NS,PFIZER.NS,GRANULES.NS,pharma,0,False,False,17.3098,29.7961,4.3961,15.4943,1.0,1.566523,-1.099474,,False
TORNTPHARM.NS,PFIZER.NS,NATCOPHARM.NS,pharma,0,False,False,14.5705,29.7961,4.0489,15.4943,1.0,5.652267,-4.911974,,False
TORNTPHARM.NS,PFIZER.NS,GLENMARK.NS,pharma,0,False,False,20.4866,29.7961,4.9889,15.4943,1.0,-0.156608,-0.719831,,False
TORNTPHARM.NS,ZYDUSLIFE.NS,SANOFI.NS,pharma,0,False,False,18.2017,29.7961,6.2354,15.4943,1.0,-1.322681,1.728995,,False
TORNTPHARM.NS,ZYDUSLIFE.NS,LAURUSLABS.NS,pharma,0,False,False,19.042,29.7961,5.1656,15.4943,1.0,-0.619382,-0.059564,,False
TORNTPHARM.NS,ZYDUSLIFE.NS,GRANULES.NS,pharma,0,False,False,14.6579,29.7961,5.5994,15.4943,1.0,-0.724375,0.028482,,False
TORNTPHARM.NS,ZYDUSLIFE.NS,NATCOPHARM.NS,pharma,0,False,False,21.337,29.7961,8.1393,15.4943,1.0,-1.189164,0.83025,,False
TORNTPHARM.NS,ZYDUSLIFE.NS,GLENMARK.NS,pharma,1,True,False,31.4234,29.7961,8.6101,15.4943,1.0,14.597132,-15.817024,79.85,True
TORNTPHARM.NS,SANOFI.NS,LAURUSLABS.NS,pharma,0,False,False,22.0422,29.7961,4.9584,15.4943,1.0,-2.470145,0.086547,,False
TORNTPHARM.NS,SANOFI.NS,GRANULES.NS,pharma,0,False,False,14.0683,29.7961,6.1631,15.4943,1.0,-5.298051,1.113762,,False
TORNTPHARM.NS,SANOFI.NS,NATCOPHARM.NS,pharma,0,False,False,26.5328,29.7961,4.4064,15.4943,1.0,-4.592116,2.353072,,False
TORNTPHARM.NS,SANOFI.NS,GLENMARK.NS,pharma,0,False,False,24.2864,29.7961,8.2234,15.4943,1.0,0.943488,-1.149555,,False
TORNTPHARM.NS,LAURUSLABS.NS,GRANULES.NS,pharma,0,False,False,23.9769,29.7961,5.2829,15.4943,1.0,0.619912,-1.674176,,False
TORNTPHARM.NS,LAURUSLABS.NS,NATCOPHARM.NS,pharma,0,False,False,21.9065,29.7961,5.5471,15.4943,1.0,1.310305,-6.889684,,False
TORNTPHARM.NS,LAURUSLABS.NS,GLENMARK.NS,pharma,0,False,False,22.226,29.7961,3.5646,15.4943,1.0,-0.112987,-0.600544,,False
TORNTPHARM.NS,GRANULES.NS,NATCOPHARM.NS,pharma,0,False,False,12.0975,29.7961,4.9916,15.4943,1.0,-1.379681,1.413129,,False
TORNTPHARM.NS,GRANULES.NS,GLENMARK.NS,pharma,0,False,False,21.8198,29.7961,7.3921,15.4943,1.0,-0.141663,-0.641939,,False
TORNTPHARM.NS,NATCOPHARM.NS,GLENMARK.NS,pharma,0,False,False,21.9709,29.7961,6.851,15.4943,1.0,0.126772,-0.874354,,False
ALKEM.NS,IPCALAB.NS,BIOCON.NS,pharma,1,True,False,37.0871,29.7961,3.6357,15.4943,1.0,-1.193606,0.880151,16.16,True
ALKEM.NS,IPCALAB.NS,ABBOTINDIA.NS,pharma,0,False,False,23.6462,29.7961,7.4398,15.4943,1.0,-0.353851,-0.739068,,False
ALKEM.NS,IPCALAB.NS,GLAXO.NS,pharma,0,False,False,18.3792,29.7961,7.2494,15.4943,1.0,-0.237975,-1.594701,,False
ALKEM.NS,IPCALAB.NS,PFIZER.NS,pharma,0,False,False,24.4085,29.7961,4.5341,15.4943,1.0,-2.225986,2.435096,,False
ALKEM.NS,IPCALAB.NS,ZYDUSLIFE.NS,pharma,0,False,False,16.9994,29.7961,6.2343,15.4943,1.0,0.267102,-0.797296,,False
ALKEM.NS,IPCALAB.NS,SANOFI.NS,pharma,0,False,False,24.8508,29.7961,8.3523,15.4943,1.0,2.942505,-6.467012,,False
ALKEM.NS,IPCALAB.NS,LAURUSLABS.NS,pharma,0,False,False,23.4353,29.7961,5.6667,15.4943,1.0,-2.425286,0.543428,,False
ALKEM.NS,IPCALAB.NS,GRANULES.NS,pharma,0,False,False,19.1525,29.7961,5.1347,15.4943,1.0,7.947861,-5.415722,,False
ALKEM.NS,IPCALAB.NS,NATCOPHARM.NS,pharma,0,False,False,18.015,29.7961,4.82,15.4943,1.0,-2.88237,2.558598,,False
ALKEM.NS,IPCALAB.NS,GLENMARK.NS,pharma,0,False,False,18.3079,29.7961,5.8183,15.4943,1.0,0.033846,-0.673231,,False
ALKEM.NS,BIOCON.NS,ABBOTINDIA.NS,pharma,0,False,False,22.5131,29.7961,6.946,15.4943,1.0,-0.304941,-1.06574,,False
ALKEM.NS,BIOCON.NS,GLAXO.NS,pharma,0,False,False,13.3959,29.7961,4.6397,15.4943,1.0,0.082986,-1.981621,,False
ALKEM.NS,BIOCON.NS,PFIZER.NS,pharma,0,False,False,23.3597,29.7961,4.0102,15.4943,1.0,1.85312,-2.803109,,False
ALKEM.NS,BIOCON.NS,ZYDUSLIFE.NS,pharma,0,False,False,16.081,29.7961,4.4979,15.4943,1.0,0.199415,-0.702757,,False
ALKEM.NS,BIOCON.NS,SANOFI.NS,pharma,0,False,False,17.5665,29.7961,4.3762,15.4943,1.0,0.659512,-1.859283,,False
ALKEM.NS,BIOCON.NS,LAURUSLABS.NS,pharma,1,True,False,33.4018,29.7961,8.2908,15.4943,1.0,1.761372,-0.506473,104.25,True
ALKEM.NS,BIOCON.NS,GRANULES.NS,pharma,0,False,False,18.1058,29.7961,4.0509,15.4943,1.0,0.666525,-0.690401,,False
ALKEM.NS,BIOCON.NS,NATCOPHARM.NS,pharma,0,False,False,17.8312,29.7961,3.3834,15.4943,1.0,1.364666,-1.759315,,False
ALKEM.NS,BIOCON.NS,GLENMARK.NS,pharma,0,False,False,17.5886,29.7961,4.9935,15.4943,1.0,0.13893,-0.690644,,False
ALKEM.NS,ABBOTINDIA.NS,GLAXO.NS,pharma,0,False,False,25.2893,29.7961,9.0172,15.4943,1.0,-0.707506,-0.649888,,False
ALKEM.NS,ABBOTINDIA.NS,PFIZER.NS,pharma,0,False,False,19.7865,29.7961,5.6559,15.4943,1.0,-0.909791,-0.338316,,False
ALKEM.NS,ABBOTINDIA.NS,ZYDUSLIFE.NS,pharma,1,True,False,38.2259,29.7961,11.0202,15.4943,1.0,-0.925704,-0.14484,45.66,True
ALKEM.NS,ABBOTINDIA.NS,SANOFI.NS,pharma,0,False,False,27.1189,29.7961,8.4179,15.4943,1.0,-0.700549,-0.632112,,False
ALKEM.NS,ABBOTINDIA.NS,LAURUSLABS.NS,pharma,0,False,False,18.4332,29.7961,4.6515,15.4943,1.0,-0.841843,-0.078119,,False
ALKEM.NS,ABBOTINDIA.NS,GRANULES.NS,pharma,0,False,False,23.5071,29.7961,7.6582,15.4943,1.0,-0.798337,-0.15047,,False
ALKEM.NS,ABBOTINDIA.NS,NATCOPHARM.NS,pharma,0,False,False,27.0605,29.7961,6.4967,15.4943,1.0,-0.810032,-0.395707,,False
ALKEM.NS,ABBOTINDIA.NS,GLENMARK.NS,pharma,1,True,False,34.7895,29.7961,11.1138,15.4943,1.0,-1.063277,-0.109071,46.54,True
ALKEM.NS,GLAXO.NS,PFIZER.NS,pharma,0,False,False,17.5473,29.7961,5.5886,15.4943,1.0,-1.689921,-0.265906,,False
ALKEM.NS,GLAXO.NS,ZYDUSLIFE.NS,pharma,0,False,False,19.1386,29.7961,8.1899,15.4943,1.0,-0.507273,-0.513897,,False
ALKEM.NS,GLAXO.NS,SANOFI.NS,pharma,0,False,False,19.9978,29.7961,8.344,15.4943,1.0,-18.175091,14.956829,,False
ALKEM.NS,GLAXO.NS,LAURUSLABS.NS,pharma,0,False,False,17.0429,29.7961,3.3048,15.4943,1.0,-1.36068,-0.136592,,False
ALKEM.NS,GLAXO.NS,GRANULES.NS,pharma,0,False,False,17.7229,29.7961,5.3218,15.4943,1.0,-1.221478,-0.270769,,False
ALKEM.NS,GLAXO.NS,NATCOPHARM.NS,pharma,0,False,False,15.9253,29.7961,5.9802,15.4943,1.0,-2.770575,0.615306,,False
ALKEM.NS,GLAXO.NS,GLENMARK.NS,pharma,0,False,False,23.0357,29.7961,8.6404,15.4943,1.0,-0.962978,-0.341741,,False
ALKEM.NS,PFIZER.NS,ZYDUSLIFE.NS,pharma,0,False,False,15.2746,29.7961,4.126,15.4943,1.0,0.249118,-0.704733,,False
ALKEM.NS,PFIZER.NS,SANOFI.NS,pharma,0,False,False,16.7311,29.7961,5.6936,15.4943,1.0,0.707612,-2.128048,,False
ALKEM.NS,PFIZER.NS,LAURUSLABS.NS,pharma,0,False,False,14.6636,29.7961,4.0386,15.4943,1.0,17.161353,-3.527044,,False
ALKEM.NS,PFIZER.NS,GRANULES.NS,pharma,0,False,False,13.9817,29.7961,4.2651,15.4943,1.0,1.503928,-0.979112,,False
ALKEM.NS,PFIZER.NS,NATCOPHARM.NS,pharma,0,False,False,14.5984,29.7961,4.3917,15.4943,1.0,4.416401,-3.956947,,False
ALKEM.NS,PFIZER.NS,GLENMARK.NS,pharma,0,False,False,17.5482,29.7961,4.4108,15.4943,1.0,-0.129329,-0.609974,,False
ALKEM.NS,ZYDUSLIFE.NS,SANOFI.NS,pharma,0,False,False,19.5882,29.7961,7.8428,15.4943,1.0,-1.201152,1.547469,,False
ALKEM.NS,ZYDUSLIFE.NS,LAURUSLABS.NS,pharma,0,False,False,19.8821,29.7961,4.5235,15.4943,1.0,-0.59358,-0.041954,,False
ALKEM.NS,ZYDUSLIFE.NS,GRANULES.NS,pharma,0,False,False,15.7157,29.7961,5.0533,15.4943,1.0,-0.780437,0.136214,,False
ALKEM.NS,ZYDUSLIFE.NS,NATCOPHARM.NS,pharma,0,False,False,21.4161,29.7961,8.1672,15.4943,1.0,-1.00404,0.586514,,False
ALKEM.NS,ZYDUSLIFE.NS,GLENMARK.NS,pharma,1,True,False,37.801,29.7961,11.0547,15.4943,1.0,-2.559907,1.947315,66.71,True
ALKEM.NS,SANOFI.NS,LAURUSLABS.NS,pharma,1,True,False,30.166,29.7961,5.5817,15.4943,1.0,-1.624994,-0.043782,60.44,True
ALKEM.NS,SANOFI.NS,GRANULES.NS,pharma,0,False,False,15.5421,29.7961,6.3442,15.4943,1.0,-2.132151,0.137553,,False
ALKEM.NS,SANOFI.NS,NATCOPHARM.NS,pharma,0,False,False,24.7056,29.7961,5.7799,15.4943,1.0,-3.849129,1.845511,,False
ALKEM.NS,SANOFI.NS,GLENMARK.NS,pharma,0,False,False,21.0469,29.7961,7.5899,15.4943,1.0,1.814255,-1.36252,,False
ALKEM.NS,LAURUSLABS.NS,GRANULES.NS,pharma,0,False,False,23.8402,29.7961,5.1813,15.4943,1.0,0.502024,-1.41472,,False
ALKEM.NS,LAURUSLABS.NS,NATCOPHARM.NS,pharma,0,False,False,22.2648,29.7961,5.1977,15.4943,1.0,0.357571,-2.812486,,False
ALKEM.NS,LAURUSLABS.NS,GLENMARK.NS,pharma,0,False,False,17.7285,29.7961,2.2255,15.4943,1.0,-0.088249,-0.516571,,False
ALKEM.NS,GRANULES.NS,NATCOPHARM.NS,pharma,0,False,False,11.4086,29.7961,5.549,15.4943,1.0,-1.725901,2.487785,,False
ALKEM.NS,GRANULES.NS,GLENMARK.NS,pharma,0,False,False,19.1022,29.7961,6.6218,15.4943,1.0,0.247088,-0.822291,,False
ALKEM.NS,NATCOPHARM.NS,GLENMARK.NS,pharma,0,False,False,19.3444,29.7961,6.3244,15.4943,1.0,0.001131,-0.696113,,False
IPCALAB.NS,BIOCON.NS,ABBOTINDIA.NS,pharma,1,True,False,33.0851,29.7961,8.5123,15.4943,1.0,-0.895215,-0.80544,23.48,True
IPCALAB.NS,BIOCON.NS,GLAXO.NS,pharma,0,False,False,15.5221,29.7961,3.7497,15.4943,1.0,-0.722611,-1.533108,,False
IPCALAB.NS,BIOCON.NS,PFIZER.NS,pharma,0,False,False,22.136,29.7961,6.3622,15.4943,1.0,0.742731,-2.362262,,False
IPCALAB.NS,BIOCON.NS,ZYDUSLIFE.NS,pharma,0,False,False,22.7191,29.7961,2.5506,15.4943,1.0,-0.77123,-0.497187,,False
IPCALAB.NS,BIOCON.NS,SANOFI.NS,pharma,0,False,False,23.0037,29.7961,5.2338,15.4943,1.0,-0.281535,-1.500935,,False
IPCALAB.NS,BIOCON.NS,LAURUSLABS.NS,pharma,1,True,False,32.5777,29.7961,14.4383,15.4943,1.0,1.361479,-0.537326,178.62,False
IPCALAB.NS,BIOCON.NS,GRANULES.NS,pharma,0,False,False,25.2443,29.7961,4.6085,15.4943,1.0,-0.313055,-0.553052,,False
IPCALAB.NS,BIOCON.NS,NATCOPHARM.NS,pharma,0,False,False,16.3172,29.7961,4.585,15.4943,1.0,0.182123,-1.371096,,False
IPCALAB.NS,BIOCON.NS,GLENMARK.NS,pharma,0,False,False,17.821,29.7961,3.8888,15.4943,1.0,-0.80744,-0.552795,,False
IPCALAB.NS,ABBOTINDIA.NS,GLAXO.NS,pharma,0,False,False,18.3488,29.7961,9.1814,15.4943,1.0,0.310141,-1.778661,,False
IPCALAB.NS,ABBOTINDIA.NS,PFIZER.NS,pharma,0,False,False,25.0695,29.7961,8.3509,15.4943,1.0,-0.354869,-1.211957,,False
IPCALAB.NS,ABBOTINDIA.NS,ZYDUSLIFE.NS,pharma,0,False,False,24.2633,29.7961,6.217,15.4943,1.0,2.877176,-1.842726,,False
IPCALAB.NS,ABBOTINDIA.NS,SANOFI.NS,pharma,0,False,False,28.3252,29.7961,12.3796,15.4943,1.0,-0.048358,-1.614235,,False
IPCALAB.NS,ABBOTINDIA.NS,LAURUSLABS.NS,pharma,0,False,False,27.0393,29.7961,10.486,15.4943,1.0,-0.164186,-0.278546,,False
IPCALAB.NS,ABBOTINDIA.NS,GRANULES.NS,pharma,0,False,False,25.1349,29.7961,9.9457,15.4943,1.0,0.215437,-0.713794,,False
IPCALAB.NS,ABBOTINDIA.NS,NATCOPHARM.NS,pharma,0,False,False,26.3637,29.7961,9.3959,15.4943,1.0,-0.391701,-0.876585,,False
IPCALAB.NS,ABBOTINDIA.NS,GLENMARK.NS,pharma,0,False,False,24.1907,29.7961,7.1173,15.4943,1.0,4.970449,-2.496877,,False
IPCALAB.NS,GLAXO.NS,PFIZER.NS,pharma,0,False,False,23.3938,29.7961,6.463,15.4943,1.0,-0.70007,-1.258963,,False
IPCALAB.NS,GLAXO.NS,ZYDUSLIFE.NS,pharma,0,False,False,17.7353,29.7961,8.7745,15.4943,1.0,-7.655462,2.329321,,False
IPCALAB.NS,GLAXO.NS,SANOFI.NS,pharma,1,True,False,31.2271,29.7961,9.3941,15.4943,1.0,1.0508,-2.457801,39.63,True
IPCALAB.NS,GLAXO.NS,LAURUSLABS.NS,pharma,0,False,False,24.1723,29.7961,8.3537,15.4943,1.0,-0.428598,-0.301779,,False
IPCALAB.NS,GLAXO.NS,GRANULES.NS,pharma,0,False,False,22.0632,29.7961,7.986,15.4943,1.0,-0.195824,-0.559655,,False
IPCALAB.NS,GLAXO.NS,NATCOPHARM.NS,pharma,0,False,False,20.0843,29.7961,8.567,15.4943,1.0,-0.205797,-1.143162,,False
IPCALAB.NS,GLAXO.NS,GLENMARK.NS,pharma,0,False,False,20.8427,29.7961,9.1829,15.4943,1.0,-1.169893,-0.100692,,False
IPCALAB.NS,PFIZER.NS,ZYDUSLIFE.NS,pharma,0,False,False,22.8548,29.7961,5.3455,15.4943,1.0,-1.15294,-0.238238,,False
IPCALAB.NS,PFIZER.NS,SANOFI.NS,pharma,1,True,False,30.5698,29.7961,8.7768,15.4943,1.0,-0.789475,-0.976476,29.91,True
IPCALAB.NS,PFIZER.NS,LAURUSLABS.NS,pharma,0,False,False,28.0999,29.7961,13.2352,15.4943,1.0,-0.472151,-0.269374,,False
IPCALAB.NS,PFIZER.NS,GRANULES.NS,pharma,1,True,False,31.1832,29.7961,7.6983,15.4943,1.0,-0.678511,-0.397715,19.93,True
IPCALAB.NS,PFIZER.NS,NATCOPHARM.NS,pharma,0,False,False,23.8161,29.7961,10.9335,15.4943,1.0,-0.599366,-0.820385,,False
IPCALAB.NS,PFIZER.NS,GLENMARK.NS,pharma,0,False,False,25.4664,29.7961,6.7159,15.4943,1.0,-1.271213,-0.268111,,False
IPCALAB.NS,ZYDUSLIFE.NS,SANOFI.NS,pharma,0,False,False,27.248,29.7961,9.6986,15.4943,1.0,0.361311,-2.345815,,False
IPCALAB.NS,ZYDUSLIFE.NS,LAURUSLABS.NS,pharma,0,False,False,22.1939,29.7961,5.6618,15.4943,1.0,-0.009396,-0.335379,,False
IPCALAB.NS,ZYDUSLIFE.NS,GRANULES.NS,pharma,0,False,False,21.2174,29.7961,6.9582,15.4943,1.0,0.132163,-0.701854,,False
IPCALAB.NS,ZYDUSLIFE.NS,NATCOPHARM.NS,pharma,0,False,False,29.2396,29.7961,6.7602,15.4943,1.0,0.088666,-1.285034,,False
IPCALAB.NS,ZYDUSLIFE.NS,GLENMARK.NS,pharma,1,True,False,38.8711,29.7961,7.5288,15.4943,1.0,-2.605003,2.146814,58.24,True
IPCALAB.NS,SANOFI.NS,LAURUSLABS.NS,pharma,2,True,True,33.6645,29.7961,17.0807,15.4943,1.0,-1.278758,-0.09254,43.04,True
IPCALAB.NS,SANOFI.NS,GRANULES.NS,pharma,1,True,False,32.5298,29.7961,11.6374,15.4943,1.0,-0.669737,-0.377831,32.49,True
IPCALAB.NS,SANOFI.NS,NATCOPHARM.NS,pharma,1,True,False,31.3376,29.7961,13.4823,15.4943,1.0,-2.357014,0.551089,51.73,True
IPCALAB.NS,SANOFI.NS,GLENMARK.NS,pharma,1,True,False,32.2414,29.7961,11.7442,15.4943,1.0,-2.103096,0.371275,40.44,True
IPCALAB.NS,LAURUSLABS.NS,GRANULES.NS,pharma,2,True,True,32.0833,29.7961,16.8715,15.4943,1.0,1.198899,-2.515752,84.0,True
IPCALAB.NS,LAURUSLABS.NS,NATCOPHARM.NS,pharma,1,True,False,30.9004,29.7961,14.3574,15.4943,1.0,-1.563713,4.667986,159.8,False
IPCALAB.NS,LAURUSLABS.NS,GLENMARK.NS,pharma,0,False,False,22.7512,29.7961,8.2295,15.4943,1.0,-0.339444,-0.021482,,False
IPCALAB.NS,GRANULES.NS,NATCOPHARM.NS,pharma,0,False,False,29.3438,29.7961,8.2388,15.4943,1.0,-0.442685,-0.435157,,False
IPCALAB.NS,GRANULES.NS,GLENMARK.NS,pharma,0,False,False,26.8862,29.7961,10.9078,15.4943,1.0,-0.769085,0.164664,,False
IPCALAB.NS,NATCOPHARM.NS,GLENMARK.NS,pharma,0,False,False,27.049,29.7961,7.4238,15.4943,1.0,-1.220826,0.127535,,False
BIOCON.NS,ABBOTINDIA.NS,GLAXO.NS,pharma,0,False,False,16.6728,29.7961,6.5703,15.4943,1.0,1.112353,-1.137822,,False
BIOCON.NS,ABBOTINDIA.NS,PFIZER.NS,pharma,1,True,False,30.4904,29.7961,8.6874,15.4943,1.0,0.516329,-1.341375,24.63,True
BIOCON.NS,ABBOTINDIA.NS,ZYDUSLIFE.NS,pharma,0,False,False,23.9343,29.7961,5.9162,15.4943,1.0,3.584925,-1.767422,,False
BIOCON.NS,ABBOTINDIA.NS,SANOFI.NS,pharma,0,False,False,18.5609,29.7961,8.0342,15.4943,1.0,1.008624,-1.266009,,False
BIOCON.NS,ABBOTINDIA.NS,LAURUSLABS.NS,pharma,1,True,False,39.9936,29.7961,12.4308,15.4943,1.0,0.579646,-0.259906,92.01,True
BIOCON.NS,ABBOTINDIA.NS,GRANULES.NS,pharma,0,False,False,25.8273,29.7961,7.814,15.4943,1.0,1.223932,-0.812666,,False
BIOCON.NS,ABBOTINDIA.NS,NATCOPHARM.NS,pharma,0,False,False,19.0705,29.7961,6.5534,15.4943,1.0,0.646907,-0.810493,,False
BIOCON.NS,ABBOTINDIA.NS,GLENMARK.NS,pharma,0,False,False,25.8426,29.7961,7.1201,15.4943,1.0,1.843867,-0.630675,,False
BIOCON.NS,GLAXO.NS,PFIZER.NS,pharma,0,False,False,16.6257,29.7961,4.3106,15.4943,1.0,0.847556,-1.59044,,False
BIOCON.NS,GLAXO.NS,ZYDUSLIFE.NS,pharma,0,False,False,12.6965,29.7961,4.764,15.4943,1.0,11.834311,-4.300443,,False
BIOCON.NS,GLAXO.NS,SANOFI.NS,pharma,0,False,False,20.463,29.7961,4.4853,15.4943,1.0,3.425099,-3.333564,,False
BIOCON.NS,GLAXO.NS,LAURUSLABS.NS,pharma,0,False,False,26.5073,29.7961,6.01,15.4943,1.0,0.493204,-0.184163,,False
BIOCON.NS,GLAXO.NS,GRANULES.NS,pharma,0,False,False,11.186,29.7961,3.6537,15.4943,1.0,2.705341,-0.980138,,False
BIOCON.NS,GLAXO.NS,NATCOPHARM.NS,pharma,0,False,False,17.3563,29.7961,3.4486,15.4943,1.0,1.768608,-1.556751,,False
BIOCON.NS,GLAXO.NS,GLENMARK.NS,pharma,0,False,False,14.3197,29.7961,3.6249,15.4943,1.0,-9.556035,4.859796,,False
BIOCON.NS,PFIZER.NS,ZYDUSLIFE.NS,pharma,0,False,False,20.4254,29.7961,2.7377,15.4943,1.0,-1.545786,0.32317,,False
BIOCON.NS,PFIZER.NS,SANOFI.NS,pharma,0,False,False,17.2718,29.7961,5.2245,15.4943,1.0,-1.966952,0.965005,,False
BIOCON.NS,PFIZER.NS,LAURUSLABS.NS,pharma,1,True,False,36.602,29.7961,14.6827,15.4943,1.0,-1.093081,0.08227,50.98,True
BIOCON.NS,PFIZER.NS,GRANULES.NS,pharma,0,False,False,20.5781,29.7961,3.7614,15.4943,1.0,-2.129073,0.451447,,False
BIOCON.NS,PFIZER.NS,NATCOPHARM.NS,pharma,0,False,False,17.4544,29.7961,5.524,15.4943,1.0,-2.88846,1.295371,,False
BIOCON.NS,PFIZER.NS,GLENMARK.NS,pharma,0,False,False,17.1086,29.7961,4.0356,15.4943,1.0,-1.486045,0.299404,,False
BIOCON.NS,ZYDUSLIFE.NS,SANOFI.NS,pharma,0,False,False,19.092,29.7961,4.1208,15.4943,1.0,1.168936,-3.387046,,False
BIOCON.NS,ZYDUSLIFE.NS,LAURUSLABS.NS,pharma,1,True,False,31.0592,29.7961,5.3749,15.4943,1.0,0.335758,-0.253935,120.24,True
BIOCON.NS,ZYDUSLIFE.NS,GRANULES.NS,pharma,0,False,False,15.1763,29.7961,2.3909,15.4943,1.0,0.825763,-1.024597,,False
BIOCON.NS,ZYDUSLIFE.NS,NATCOPHARM.NS,pharma,0,False,False,23.0517,29.7961,3.6835,15.4943,1.0,0.830715,-1.739772,,False
BIOCON.NS,ZYDUSLIFE.NS,GLENMARK.NS,pharma,1,True,False,30.627,29.7961,5.26,15.4943,1.0,-2.926298,3.072645,68.2,True
BIOCON.NS,SANOFI.NS,LAURUSLABS.NS,pharma,1,True,False,30.7352,29.7961,8.2118,15.4943,1.0,0.961714,-0.270072,165.08,False
BIOCON.NS,SANOFI.NS,GRANULES.NS,pharma,0,False,False,13.2137,29.7961,4.8465,15.4943,1.0,24.305951,-9.128783,,False
BIOCON.NS,SANOFI.NS,NATCOPHARM.NS,pharma,0,False,False,23.6858,29.7961,4.7952,15.4943,1.0,3.156268,-2.852644,,False
BIOCON.NS,SANOFI.NS,GLENMARK.NS,pharma,0,False,False,21.246,29.7961,4.5396,15.4943,1.0,-3.105641,1.411007,,False
BIOCON.NS,LAURUSLABS.NS,GRANULES.NS,pharma,1,True,False,30.9375,29.7961,8.1546,15.4943,1.0,-0.558865,0.783202,139.57,False
BIOCON.NS,LAURUSLABS.NS,NATCOPHARM.NS,pharma,0,False,False,28.6595,29.7961,8.8463,15.4943,1.0,-0.268384,0.646761,,False
BIOCON.NS,LAURUSLABS.NS,GLENMARK.NS,pharma,0,False,False,29.3431,29.7961,5.3848,15.4943,1.0,-0.225749,0.363711,,False
BIOCON.NS,GRANULES.NS,NATCOPHARM.NS,pharma,0,False,False,11.8169,29.7961,4.653,15.4943,1.0,0.760304,-2.235285,,False
BIOCON.NS,GRANULES.NS,GLENMARK.NS,pharma,0,False,False,17.355,29.7961,5.0317,15.4943,1.0,-1.17649,0.956829,,False
BIOCON.NS,NATCOPHARM.NS,GLENMARK.NS,pharma,0,False,False,25.4498,29.7961,2.6817,15.4943,1.0,-1.336803,0.761698,,False
ABBOTINDIA.NS,GLAXO.NS,PFIZER.NS,pharma,0,False,False,16.2223,29.7961,7.578,15.4943,1.0,-1.744628,0.774398,,False
ABBOTINDIA.NS,GLAXO.NS,ZYDUSLIFE.NS,pharma,0,False,False,25.1491,29.7961,8.122,15.4943,1.0,-0.110209,-0.443585,,False
ABBOTINDIA.NS,GLAXO.NS,SANOFI.NS,pharma,0,False,False,23.9717,29.7961,9.4253,15.4943,1.0,-17.542671,17.093183,,False
ABBOTINDIA.NS,GLAXO.NS,LAURUSLABS.NS,pharma,0,False,False,14.1942,29.7961,6.035,15.4943,1.0,-1.48086,0.004229,,False
ABBOTINDIA.NS,GLAXO.NS,GRANULES.NS,pharma,0,False,False,16.7302,29.7961,9.3771,15.4943,1.0,-1.603919,0.095265,,False
ABBOTINDIA.NS,GLAXO.NS,NATCOPHARM.NS,pharma,0,False,False,18.2305,29.7961,8.0306,15.4943,1.0,-3.053495,1.48051,,False
ABBOTINDIA.NS,GLAXO.NS,GLENMARK.NS,pharma,0,False,False,27.943,29.7961,9.7301,15.4943,1.0,-0.809587,-0.200065,,False
ABBOTINDIA.NS,PFIZER.NS,ZYDUSLIFE.NS,pharma,0,False,False,22.1719,29.7961,4.5619,15.4943,1.0,0.252162,-0.533929,,False
ABBOTINDIA.NS,PFIZER.NS,SANOFI.NS,pharma,0,False,False,18.7412,29.7961,10.0682,15.4943,1.0,1.325519,-2.34031,,False
ABBOTINDIA.NS,PFIZER.NS,LAURUSLABS.NS,pharma,0,False,False,18.7162,29.7961,7.1659,15.4943,1.0,6.430546,-1.312413,,False
ABBOTINDIA.NS,PFIZER.NS,GRANULES.NS,pharma,0,False,False,18.4348,29.7961,8.0798,15.4943,1.0,1.691335,-1.001989,,False
ABBOTINDIA.NS,PFIZER.NS,NATCOPHARM.NS,pharma,0,False,False,17.8731,29.7961,8.3393,15.4943,1.0,10.024947,-6.779977,,False
ABBOTINDIA.NS,PFIZER.NS,GLENMARK.NS,pharma,0,False,False,22.6932,29.7961,5.4715,15.4943,1.0,0.1022,-0.429508,,False
ABBOTINDIA.NS,ZYDUSLIFE.NS,SANOFI.NS,pharma,0,False,False,26.8038,29.7961,7.1825,15.4943,1.0,-0.92189,1.245896,,False
ABBOTINDIA.NS,ZYDUSLIFE.NS,LAURUSLABS.NS,pharma,0,False,False,28.352,29.7961,6.5016,15.4943,1.0,-0.366544,-0.103475,,False
ABBOTINDIA.NS,ZYDUSLIFE.NS,GRANULES.NS,pharma,0,False,False,22.9906,29.7961,5.9195,15.4943,1.0,-0.549369,0.082495,,False
ABBOTINDIA.NS,ZYDUSLIFE.NS,NATCOPHARM.NS,pharma,1,True,False,29.8598,29.7961,11.326,15.4943,1.0,-0.765299,0.474955,58.58,True
ABBOTINDIA.NS,ZYDUSLIFE.NS,GLENMARK.NS,pharma,1,True,False,39.7552,29.7961,13.2715,15.4943,1.0,15.401639,-15.399072,88.93,True
ABBOTINDIA.NS,SANOFI.NS,LAURUSLABS.NS,pharma,0,False,False,27.6065,29.7961,11.4467,15.4943,1.0,-2.759322,0.127654,,False
ABBOTINDIA.NS,SANOFI.NS,GRANULES.NS,pharma,0,False,False,19.4641,29.7961,11.3538,15.4943,1.0,2.590134,-1.451647,,False
ABBOTINDIA.NS,SANOFI.NS,NATCOPHARM.NS,pharma,1,True,False,30.6222,29.7961,10.0382,15.4943,1.0,-4.710574,2.537158,27.95,True
ABBOTINDIA.NS,SANOFI.NS,GLENMARK.NS,pharma,0,False,False,26.112,29.7961,8.3825,15.4943,1.0,1.235219,-0.851909,,False
ABBOTINDIA.NS,LAURUSLABS.NS,GRANULES.NS,pharma,0,False,False,29.7333,29.7961,11.3159,15.4943,1.0,0.768512,-1.95955,,False
ABBOTINDIA.NS,LAURUSLABS.NS,NATCOPHARM.NS,pharma,0,False,False,25.9268,29.7961,10.4792,15.4943,1.0,-3.33595,13.604183,,False
ABBOTINDIA.NS,LAURUSLABS.NS,GLENMARK.NS,pharma,0,False,False,23.8784,29.7961,4.3816,15.4943,1.0,-0.076922,-0.343687,,False
ABBOTINDIA.NS,GRANULES.NS,NATCOPHARM.NS,pharma,0,False,False,18.0396,29.7961,9.7344,15.4943,1.0,-1.067638,1.184359,,False
ABBOTINDIA.NS,GRANULES.NS,GLENMARK.NS,pharma,0,False,False,23.835,29.7961,6.8392,15.4943,1.0,0.168095,-0.525165,,False
ABBOTINDIA.NS,NATCOPHARM.NS,GLENMARK.NS,pharma,0,False,False,25.5853,29.7961,8.2008,15.4943,1.0,0.288027,-0.585218,,False
GLAXO.NS,PFIZER.NS,ZYDUSLIFE.NS,pharma,0,False,False,15.664,29.7961,6.099,15.4943,1.0,0.387805,-0.481945,,False
GLAXO.NS,PFIZER.NS,SANOFI.NS,pharma,0,False,False,24.1807,29.7961,6.6887,15.4943,1.0,0.609971,-1.301634,,False
GLAXO.NS,PFIZER.NS,LAURUSLABS.NS,pharma,0,False,False,18.0266,29.7961,6.1473,15.4943,1.0,8.094547,-1.652523,,False
GLAXO.NS,PFIZER.NS,GRANULES.NS,pharma,0,False,False,13.7576,29.7961,6.4243,15.4943,1.0,1.823486,-0.757708,,False
GLAXO.NS,PFIZER.NS,NATCOPHARM.NS,pharma,0,False,False,18.3887,29.7961,6.5015,15.4943,1.0,1.607103,-1.608629,,False
GLAXO.NS,PFIZER.NS,GLENMARK.NS,pharma,0,False,False,16.3082,29.7961,7.1054,15.4943,1.0,0.071511,-0.484224,,False
GLAXO.NS,ZYDUSLIFE.NS,SANOFI.NS,pharma,0,False,False,21.1256,29.7961,7.9526,15.4943,1.0,0.227972,-1.552347,,False
GLAXO.NS,ZYDUSLIFE.NS,LAURUSLABS.NS,pharma,0,False,False,14.065,29.7961,5.246,15.4943,1.0,-0.608042,0.154833,,False
GLAXO.NS,ZYDUSLIFE.NS,GRANULES.NS,pharma,0,False,False,16.1829,29.7961,6.5804,15.4943,1.0,-0.630184,0.271609,,False
GLAXO.NS,ZYDUSLIFE.NS,NATCOPHARM.NS,pharma,0,False,False,18.5786,29.7961,7.5522,15.4943,1.0,0.740674,-1.858849,,False
GLAXO.NS,ZYDUSLIFE.NS,GLENMARK.NS,pharma,1,True,False,35.4812,29.7961,10.8645,15.4943,1.0,-4.899032,4.839158,75.7,True
GLAXO.NS,SANOFI.NS,LAURUSLABS.NS,pharma,0,False,False,26.1379,29.7961,6.1325,15.4943,1.0,-1.401152,0.125384,,False
GLAXO.NS,SANOFI.NS,GRANULES.NS,pharma,0,False,False,21.5419,29.7961,7.2611,15.4943,1.0,-1.452021,0.234733,,False
GLAXO.NS,SANOFI.NS,NATCOPHARM.NS,pharma,0,False,False,29.5928,29.7961,9.3063,15.4943,1.0,-2.143945,1.048087,,False
GLAXO.NS,SANOFI.NS,GLENMARK.NS,pharma,0,False,False,24.1417,29.7961,9.5309,15.4943,1.0,-1.443776,0.212168,,False
GLAXO.NS,LAURUSLABS.NS,GRANULES.NS,pharma,0,False,False,21.6063,29.7961,7.1981,15.4943,1.0,1.04866,-1.979428,,False
GLAXO.NS,LAURUSLABS.NS,NATCOPHARM.NS,pharma,0,False,False,24.5006,29.7961,6.5422,15.4943,1.0,0.277302,-1.694059,,False
GLAXO.NS,LAURUSLABS.NS,GLENMARK.NS,pharma,0,False,False,14.0545,29.7961,4.9089,15.4943,1.0,0.101286,-0.605329,,False
GLAXO.NS,GRANULES.NS,NATCOPHARM.NS,pharma,0,False,False,14.1113,29.7961,5.913,15.4943,1.0,0.022538,-0.752356,,False
GLAXO.NS,GRANULES.NS,GLENMARK.NS,pharma,0,False,False,23.1712,29.7961,11.0274,15.4943,1.0,-0.735236,0.221224,,False
GLAXO.NS,NATCOPHARM.NS,GLENMARK.NS,pharma,0,False,False,16.7987,29.7961,7.6561,15.4943,1.0,1.417454,-1.360609,,False
PFIZER.NS,ZYDUSLIFE.NS,SANOFI.NS,pharma,0,False,False,18.027,29.7961,6.7293,15.4943,1.0,1.418888,-4.520405,,False
PFIZER.NS,ZYDUSLIFE.NS,LAURUSLABS.NS,pharma,0,False,False,16.1632,29.7961,4.5928,15.4943,1.0,0.207577,-0.269592,,False
PFIZER.NS,ZYDUSLIFE.NS,GRANULES.NS,pharma,0,False,False,13.7011,29.7961,5.8778,15.4943,1.0,0.410274,-0.706703,,False
PFIZER.NS,ZYDUSLIFE.NS,NATCOPHARM.NS,pharma,0,False,False,22.7117,29.7961,5.4338,15.4943,1.0,0.41881,-1.253082,,False
PFIZER.NS,ZYDUSLIFE.NS,GLENMARK.NS,pharma,1,True,False,40.9423,29.7961,5.9109,15.4943,1.0,-1.438782,1.269625,50.68,True
PFIZER.NS,SANOFI.NS,LAURUSLABS.NS,pharma,0,False,False,21.7031,29.7961,8.2688,15.4943,1.0,1.123348,-0.390331,,False
PFIZER.NS,SANOFI.NS,GRANULES.NS,pharma,0,False,False,15.5326,29.7961,7.7083,15.4943,1.0,-2.118865,0.558463,,False
PFIZER.NS,SANOFI.NS,NATCOPHARM.NS,pharma,0,False,False,24.4652,29.7961,9.2604,15.4943,1.0,2.60839,-2.609103,,False
PFIZER.NS,SANOFI.NS,GLENMARK.NS,pharma,0,False,False,22.0071,29.7961,7.6368,15.4943,1.0,-2.291155,0.791616,,False
PFIZER.NS,LAURUSLABS.NS,GRANULES.NS,pharma,0,False,False,23.8768,29.7961,9.2264,15.4943,1.0,-0.950614,1.280238,,False
PFIZER.NS,LAURUSLABS.NS,NATCOPHARM.NS,pharma,0,False,False,26.1509,29.7961,10.7852,15.4943,1.0,-7.107977,27.81696,,False
PFIZER.NS,LAURUSLABS.NS,GLENMARK.NS,pharma,0,False,False,18.5744,29.7961,6.3856,15.4943,1.0,-0.250774,0.19883,,False
PFIZER.NS,GRANULES.NS,NATCOPHARM.NS,pharma,0,False,False,16.2639,29.7961,7.0586,15.4943,1.0,-0.0058,-0.652697,,False
PFIZER.NS,GRANULES.NS,GLENMARK.NS,pharma,0,False,False,20.5787,29.7961,8.0205,15.4943,1.0,-0.704487,0.444502,,False
PFIZER.NS,NATCOPHARM.NS,GLENMARK.NS,pharma,0,False,False,26.8528,29.7961,6.3978,15.4943,1.0,-0.959812,0.336945,,False
ZYDUSLIFE.NS,SANOFI.NS,LAURUSLABS.NS,pharma,0,False,False,22.3731,29.7961,6.9155,15.4943,1.0,-3.718372,0.218557,,False
ZYDUSLIFE.NS,SANOFI.NS,GRANULES.NS,pharma,0,False,False,17.5376,29.7961,6.7885,15.4943,1.0,-2.564058,-0.083274,,False
ZYDUSLIFE.NS,SANOFI.NS,NATCOPHARM.NS,pharma,0,False,False,29.2153,29.7961,6.6793,15.4943,1.0,-15.703226,9.69786,,False
ZYDUSLIFE.NS,SANOFI.NS,GLENMARK.NS,pharma,1,True,False,36.2922,29.7961,11.2851,15.4943,1.0,0.10713,-1.064002,79.11,True
ZYDUSLIFE.NS,LAURUSLABS.NS,GRANULES.NS,pharma,0,False,False,23.3288,29.7961,4.8396,15.4943,1.0,2.188273,-4.65952,,False
ZYDUSLIFE.NS,LAURUSLABS.NS,NATCOPHARM.NS,pharma,0,False,False,29.1564,29.7961,7.9109,15.4943,1.0,0.218877,-2.583998,,False
ZYDUSLIFE.NS,LAURUSLABS.NS,GLENMARK.NS,pharma,1,True,False,36.7856,29.7961,5.0088,15.4943,1.0,-0.155359,-0.797193,77.9,True
ZYDUSLIFE.NS,GRANULES.NS,NATCOPHARM.NS,pharma,0,False,False,18.3164,29.7961,6.8872,15.4943,1.0,1.140986,-3.567937,,False
ZYDUSLIFE.NS,GRANULES.NS,GLENMARK.NS,pharma,1,True,False,35.3943,29.7961,7.7789,15.4943,1.0,-0.252743,-0.775335,58.78,True
ZYDUSLIFE.NS,NATCOPHARM.NS,GLENMARK.NS,pharma,1,True,False,35.7942,29.7961,8.0782,15.4943,1.0,-0.467253,-0.81084,80.96,True
SANOFI.NS,LAURUSLABS.NS,GRANULES.NS,pharma,0,False,False,25.4521,29.7961,11.1386,15.4943,1.0,-1.274497,1.753026,,False
SANOFI.NS,LAURUSLABS.NS,NATCOPHARM.NS,pharma,1,True,False,31.2743,29.7961,14.5181,15.4943,1.0,0.153258,-1.430353,54.64,True
SANOFI.NS,LAURUSLABS.NS,GLENMARK.NS,pharma,0,False,False,23.9734,29.7961,8.233,15.4943,1.0,-0.078748,-0.290681,,False
SANOFI.NS,GRANULES.NS,NATCOPHARM.NS,pharma,0,False,False,22.2663,29.7961,6.7528,15.4943,1.0,-0.099259,-0.598751,,False
SANOFI.NS,GRANULES.NS,GLENMARK.NS,pharma,0,False,False,23.8846,29.7961,11.2139,15.4943,1.0,0.046143,-0.46022,,False
SANOFI.NS,NATCOPHARM.NS,GLENMARK.NS,pharma,0,False,False,27.0873,29.7961,8.673,15.4943,1.0,-0.559204,-0.111867,,False
LAURUSLABS.NS,GRANULES.NS,NATCOPHARM.NS,pharma,0,False,False,28.898,29.7961,11.2696,15.4943,1.0,-1.093538,-1.578806,,False
LAURUSLABS.NS,GRANULES.NS,GLENMARK.NS,pharma,0,False,False,26.3339,29.7961,8.5792,15.4943,1.0,-2.149328,0.48128,,False
LAURUSLABS.NS,NATCOPHARM.NS,GLENMARK.NS,pharma,0,False,False,27.2331,29.7961,7.4618,15.4943,1.0,-5.208216,1.280548,,False
GRANULES.NS,NATCOPHARM.NS,GLENMARK.NS,pharma,0,False,False,21.9101,29.7961,9.2005,15.4943,1.0,-1.269316,-0.128363,,False
BOSCHLTD.NS,MOTHERSON.NS,BHARATFORG.NS,auto_ancillary,0,False,False,17.3165,29.7961,4.9713,15.4943,1.0,1.184525,-1.768536,,False
BOSCHLTD.NS,MOTHERSON.NS,BALKRISIND.NS,auto_ancillary,0,False,False,23.4185,29.7961,10.5603,15.4943,1.0,-1.221228,1.014213,,False
BOSCHLTD.NS,MOTHERSON.NS,SCHAEFFLER.NS,auto_ancillary,0,False,False,15.3794,29.7961,4.0284,15.4943,1.0,-1.737266,0.473223,,False
BOSCHLTD.NS,MOTHERSON.NS,SUNDRMFAST.NS,auto_ancillary,0,False,False,13.5318,29.7961,4.9553,15.4943,1.0,2.668752,-2.720585,,False
BOSCHLTD.NS,MOTHERSON.NS,ENDURANCE.NS,auto_ancillary,0,False,False,21.3101,29.7961,4.0227,15.4943,1.0,2.08528,-3.741121,,False
BOSCHLTD.NS,MOTHERSON.NS,TIINDIA.NS,auto_ancillary,0,False,False,13.2268,29.7961,3.9677,15.4943,1.0,1.455984,-0.91519,,False
BOSCHLTD.NS,MOTHERSON.NS,EXIDEIND.NS,auto_ancillary,0,False,False,13.9169,29.7961,3.4185,15.4943,1.0,-0.246543,-0.868837,,False
BOSCHLTD.NS,MOTHERSON.NS,MINDACORP.NS,auto_ancillary,0,False,False,16.627,29.7961,6.3973,15.4943,1.0,0.789815,-0.763317,,False
BOSCHLTD.NS,MOTHERSON.NS,SUPRAJIT.NS,auto_ancillary,0,False,False,22.2008,29.7961,2.9376,15.4943,1.0,3.326685,-3.633063,,False
BOSCHLTD.NS,MOTHERSON.NS,GABRIEL.NS,auto_ancillary,0,False,False,17.98,29.7961,4.1974,15.4943,1.0,-0.058687,-0.542862,,False
BOSCHLTD.NS,BHARATFORG.NS,BALKRISIND.NS,auto_ancillary,1,True,False,32.9439,29.7961,12.1408,15.4943,1.0,-1.034783,0.574925,25.17,True
BOSCHLTD.NS,BHARATFORG.NS,SCHAEFFLER.NS,auto_ancillary,0,False,False,14.8914,29.7961,3.3434,15.4943,1.0,-1.387769,0.443699,,False
BOSCHLTD.NS,BHARATFORG.NS,SUNDRMFAST.NS,auto_ancillary,0,False,False,24.0688,29.7961,4.996,15.4943,1.0,-5.773226,4.497314,,False
BOSCHLTD.NS,BHARATFORG.NS,ENDURANCE.NS,auto_ancillary,0,False,False,20.1809,29.7961,5.4842,15.4943,1.0,-3.991228,5.020666,,False
BOSCHLTD.NS,BHARATFORG.NS,TIINDIA.NS,auto_ancillary,0,False,False,18.0685,29.7961,5.8361,15.4943,1.0,-3.105601,1.140229,,False
BOSCHLTD.NS,BHARATFORG.NS,EXIDEIND.NS,auto_ancillary,0,False,False,13.2692,29.7961,3.7647,15.4943,1.0,-0.350278,-0.65186,,False
BOSCHLTD.NS,BHARATFORG.NS,MINDACORP.NS,auto_ancillary,0,False,False,16.1167,29.7961,5.3108,15.4943,1.0,2.69994,-1.922229,,False
BOSCHLTD.NS,BHARATFORG.NS,SUPRAJIT.NS,auto_ancillary,0,False,False,20.8979,29.7961,3.2875,15.4943,1.0,-2.830603,2.185089,,False
BOSCHLTD.NS,BHARATFORG.NS,GABRIEL.NS,auto_ancillary,0,False,False,20.1841,29.7961,5.9261,15.4943,1.0,0.213696,-0.730579,,False
BOSCHLTD.NS,BALKRISIND.NS,SCHAEFFLER.NS,auto_ancillary,0,False,False,24.1942,29.7961,9.9977,15.4943,1.0,1.12852,-0.705519,,False
BOSCHLTD.NS,BALKRISIND.NS,SUNDRMFAST.NS,auto_ancillary,0,False,False,27.8152,29.7961,10.9671,15.4943,1.0,0.699823,-0.92114,,False
BOSCHLTD.NS,BALKRISIND.NS,ENDURANCE.NS,auto_ancillary,0,False,False,27.0245,29.7961,13.1081,15.4943,1.0,1.319338,-3.084981,,False
BOSCHLTD.NS,BALKRISIND.NS,TIINDIA.NS,auto_ancillary,1,True,False,32.6869,29.7961,9.2603,15.4943,1.0,0.848087,-0.57203,38.11,True
BOSCHLTD.NS,BALKRISIND.NS,EXIDEIND.NS,auto_ancillary,0,False,False,22.8177,29.7961,11.6741,15.4943,1.0,-0.150967,-0.718358,,False
BOSCHLTD.NS,BALKRISIND.NS,MINDACORP.NS,auto_ancillary,0,False,False,28.3778,29.7961,10.4483,15.4943,1.0,0.386891,-0.461227,,False
BOSCHLTD.NS,BALKRISIND.NS,SUPRAJIT.NS,auto_ancillary,1,True,False,36.2799,29.7961,10.4191,15.4943,1.0,1.009041,-1.421623,42.51,True
BOSCHLTD.NS,BALKRISIND.NS,GABRIEL.NS,auto_ancillary,0,False,False,26.9737,29.7961,13.1618,15.4943,1.0,0.003328,-0.49969,,False
BOSCHLTD.NS,SCHAEFFLER.NS,SUNDRMFAST.NS,auto_ancillary,0,False,False,13.82,29.7961,3.721,15.4943,1.0,1.048946,-2.049873,,False
BOSCHLTD.NS,SCHAEFFLER.NS,ENDURANCE.NS,auto_ancillary,0,False,False,15.1453,29.7961,3.1669,15.4943,1.0,0.077574,-1.315959,,False
BOSCHLTD.NS,SCHAEFFLER.NS,TIINDIA.NS,auto_ancillary,0,False,False,14.7511,29.7961,3.4082,15.4943,1.0,2.045265,-1.850658,,False
BOSCHLTD.NS,SCHAEFFLER.NS,EXIDEIND.NS,auto_ancillary,0,False,False,18.7089,29.7961,3.3032,15.4943,1.0,-0.197074,-0.783021,,False
BOSCHLTD.NS,SCHAEFFLER.NS,MINDACORP.NS,auto_ancillary,0,False,False,21.0204,29.7961,2.7149,15.4943,1.0,0.707786,-1.065387,,False
BOSCHLTD.NS,SCHAEFFLER.NS,SUPRAJIT.NS,auto_ancillary,0,False,False,16.862,29.7961,3.5465,15.4943,1.0,1.657115,-3.224606,,False
BOSCHLTD.NS,SCHAEFFLER.NS,GABRIEL.NS,auto_ancillary,0,False,False,18.3893,29.7961,4.0959,15.4943,1.0,0.005367,-0.580114,,False
BOSCHLTD.NS,SUNDRMFAST.NS,ENDURANCE.NS,auto_ancillary,0,False,False,14.5811,29.7961,5.2101,15.4943,1.0,3.541258,-7.155414,,False
BOSCHLTD.NS,SUNDRMFAST.NS,TIINDIA.NS,auto_ancillary,0,False,False,15.7589,29.7961,4.4361,15.4943,1.0,7.25449,-4.103383,,False
BOSCHLTD.NS,SUNDRMFAST.NS,EXIDEIND.NS,auto_ancillary,0,False,False,14.1446,29.7961,4.0696,15.4943,1.0,-0.310798,-0.719887,,False
BOSCHLTD.NS,SUNDRMFAST.NS,MINDACORP.NS,auto_ancillary,0,False,False,19.7241,29.7961,5.9318,15.4943,1.0,1.521406,-1.443039,,False
BOSCHLTD.NS,SUNDRMFAST.NS,SUPRAJIT.NS,auto_ancillary,0,False,False,26.9979,29.7961,3.5873,15.4943,1.0,-5.804171,5.930008,,False
BOSCHLTD.NS,SUNDRMFAST.NS,GABRIEL.NS,auto_ancillary,0,False,False,18.3806,29.7961,5.1451,15.4943,1.0,-0.001381,-0.57296,,False
BOSCHLTD.NS,ENDURANCE.NS,TIINDIA.NS,auto_ancillary,0,False,False,13.6866,29.7961,5.8428,15.4943,1.0,-56.32237,16.591589,,False
BOSCHLTD.NS,ENDURANCE.NS,EXIDEIND.NS,auto_ancillary,0,False,False,14.2675,29.7961,3.5945,15.4943,1.0,-0.488773,-0.707056,,False
BOSCHLTD.NS,ENDURANCE.NS,MINDACORP.NS,auto_ancillary,0,False,False,13.4842,29.7961,6.3388,15.4943,1.0,-1.590605,0.075415,,False
BOSCHLTD.NS,ENDURANCE.NS,SUPRAJIT.NS,auto_ancillary,0,False,False,20.2377,29.7961,3.3291,15.4943,1.0,-8.709264,5.156971,,False
BOSCHLTD.NS,ENDURANCE.NS,GABRIEL.NS,auto_ancillary,0,False,False,20.7546,29.7961,5.9251,15.4943,1.0,0.010037,-0.561798,,False
BOSCHLTD.NS,TIINDIA.NS,EXIDEIND.NS,auto_ancillary,0,False,False,17.8685,29.7961,3.411,15.4943,1.0,-0.171084,-0.692449,,False
BOSCHLTD.NS,TIINDIA.NS,MINDACORP.NS,auto_ancillary,0,False,False,20.5949,29.7961,6.4158,15.4943,1.0,0.476144,-0.992128,,False
BOSCHLTD.NS,TIINDIA.NS,SUPRAJIT.NS,auto_ancillary,0,False,False,17.9638,29.7961,3.2698,15.4943,1.0,-39.142379,80.082253,,False
BOSCHLTD.NS,TIINDIA.NS,GABRIEL.NS,auto_ancillary,0,False,False,19.6625,29.7961,6.4032,15.4943,1.0,-0.009739,-0.556588,,False
BOSCHLTD.NS,EXIDEIND.NS,MINDACORP.NS,auto_ancillary,0,False,False,16.596,29.7961,3.3331,15.4943,1.0,-0.518877,-0.251921,,False
BOSCHLTD.NS,EXIDEIND.NS,SUPRAJIT.NS,auto_ancillary,0,False,False,13.5542,29.7961,2.1343,15.4943,1.0,-0.74072,-0.320273,,False
BOSCHLTD.NS,EXIDEIND.NS,GABRIEL.NS,auto_ancillary,0,False,False,22.4707,29.7961,6.3922,15.4943,1.0,0.473375,-0.786181,,False
BOSCHLTD.NS,MINDACORP.NS,SUPRAJIT.NS,auto_ancillary,0,False,False,19.8,29.7961,4.4497,15.4943,1.0,-0.982433,0.970557,,False
BOSCHLTD.NS,MINDACORP.NS,GABRIEL.NS,auto_ancillary,0,False,False,20.6104,29.7961,7.3035,15.4943,1.0,0.016694,-0.591925,,False
BOSCHLTD.NS,SUPRAJIT.NS,GABRIEL.NS,auto_ancillary,0,False,False,17.2327,29.7961,3.8758,15.4943,1.0,-0.021632,-0.556817,,False
MOTHERSON.NS,BHARATFORG.NS,BALKRISIND.NS,auto_ancillary,0,False,False,20.6575,29.7961,11.6339,15.4943,1.0,-0.001047,-0.832578,,False
MOTHERSON.NS,BHARATFORG.NS,SCHAEFFLER.NS,auto_ancillary,0,False,False,21.2396,29.7961,8.5267,15.4943,1.0,-0.953639,0.08189,,False
MOTHERSON.NS,BHARATFORG.NS,SUNDRMFAST.NS,auto_ancillary,0,False,False,24.9771,29.7961,8.5798,15.4943,1.0,-10.132292,8.173383,,False
MOTHERSON.NS,BHARATFORG.NS,ENDURANCE.NS,auto_ancillary,0,False,False,27.5485,29.7961,9.0312,15.4943,1.0,0.856475,-2.626635,,False
MOTHERSON.NS,BHARATFORG.NS,TIINDIA.NS,auto_ancillary,0,False,False,21.4863,29.7961,8.5553,15.4943,1.0,-3.193214,1.048947,,False
MOTHERSON.NS,BHARATFORG.NS,EXIDEIND.NS,auto_ancillary,0,False,False,20.3833,29.7961,3.4147,15.4943,1.0,-1.223135,0.627388,,False
MOTHERSON.NS,BHARATFORG.NS,MINDACORP.NS,auto_ancillary,0,False,False,22.5179,29.7961,9.7554,15.4943,1.0,-1.76455,0.58199,,False
MOTHERSON.NS,BHARATFORG.NS,SUPRAJIT.NS,auto_ancillary,1,True,False,30.0192,29.7961,8.3598,15.4943,1.0,0.576385,-1.501798,27.94,True
MOTHERSON.NS,BHARATFORG.NS,GABRIEL.NS,auto_ancillary,0,False,False,25.5032,29.7961,3.7073,15.4943,1.0,-1.762773,0.78879,,False
MOTHERSON.NS,BALKRISIND.NS,SCHAEFFLER.NS,auto_ancillary,0,False,False,24.0273,29.7961,11.761,15.4943,1.0,3.76547,-2.449119,,False
MOTHERSON.NS,BALKRISIND.NS,SUNDRMFAST.NS,auto_ancillary,0,False,False,20.6374,29.7961,10.6896,15.4943,1.0,-1.57986,0.610244,,False
MOTHERSON.NS,BALKRISIND.NS,ENDURANCE.NS,auto_ancillary,1,True,False,31.8645,29.7961,12.8488,15.4943,1.0,-0.082176,-1.437142,25.6,True
MOTHERSON.NS,BALKRISIND.NS,TIINDIA.NS,auto_ancillary,0,False,False,19.0458,29.7961,9.96,15.4943,1.0,-1.493002,0.306248,,False
MOTHERSON.NS,BALKRISIND.NS,EXIDEIND.NS,auto_ancillary,0,False,False,21.5727,29.7961,5.4617,15.4943,1.0,-0.858416,-0.456305,,False
MOTHERSON.NS,BALKRISIND.NS,MINDACORP.NS,auto_ancillary,0,False,False,22.3119,29.7961,12.3094,15.4943,1.0,-0.246713,-0.219885,,False
MOTHERSON.NS,BALKRISIND.NS,SUPRAJIT.NS,auto_ancillary,1,True,False,33.4256,29.7961,11.9104,15.4943,1.0,0.605726,-1.619749,39.7,True
MOTHERSON.NS,BALKRISIND.NS,GABRIEL.NS,auto_ancillary,0,False,False,15.9948,29.7961,6.1972,15.4943,1.0,-0.87281,-0.095393,,False
MOTHERSON.NS,SCHAEFFLER.NS,SUNDRMFAST.NS,auto_ancillary,0,False,False,25.9589,29.7961,9.3698,15.4943,1.0,0.444032,-1.349319,,False
MOTHERSON.NS,SCHAEFFLER.NS,ENDURANCE.NS,auto_ancillary,0,False,False,24.7588,29.7961,8.9123,15.4943,1.0,-0.072432,-1.210216,,False
MOTHERSON.NS,SCHAEFFLER.NS,TIINDIA.NS,auto_ancillary,0,False,False,28.1111,29.7961,10.5858,15.4943,1.0,0.969688,-1.066015,,False
MOTHERSON.NS,SCHAEFFLER.NS,EXIDEIND.NS,auto_ancillary,0,False,False,23.3771,29.7961,6.4268,15.4943,1.0,-0.433268,-0.559506,,False
MOTHERSON.NS,SCHAEFFLER.NS,MINDACORP.NS,auto_ancillary,0,False,False,23.7198,29.7961,9.0896,15.4943,1.0,0.347992,-0.792738,,False
MOTHERSON.NS,SCHAEFFLER.NS,SUPRAJIT.NS,auto_ancillary,1,True,False,38.8302,29.7961,10.8251,15.4943,1.0,0.358771,-1.442022,17.21,True
MOTHERSON.NS,SCHAEFFLER.NS,GABRIEL.NS,auto_ancillary,0,False,False,16.8402,29.7961,4.8568,15.4943,1.0,-0.246456,-0.362414,,False
MOTHERSON.NS,SUNDRMFAST.NS,ENDURANCE.NS,auto_ancillary,0,False,False,22.6033,29.7961,7.2589,15.4943,1.0,0.052207,-1.512243,,False
MOTHERSON.NS,SUNDRMFAST.NS,TIINDIA.NS,auto_ancillary,0,False,False,20.5827,29.7961,8.2564,15.4943,1.0,-3.002717,1.14491,,False
MOTHERSON.NS,SUNDRMFAST.NS,EXIDEIND.NS,auto_ancillary,0,False,False,21.4326,29.7961,4.8991,15.4943,1.0,-0.989054,0.237125,,False
MOTHERSON.NS,SUNDRMFAST.NS,MINDACORP.NS,auto_ancillary,0,False,False,23.4191,29.7961,10.7301,15.4943,1.0,-2.888945,1.486528,,False
MOTHERSON.NS,SUNDRMFAST.NS,SUPRAJIT.NS,auto_ancillary,1,True,False,38.1258,29.7961,9.3845,15.4943,1.0,1.566458,-2.691974,18.69,True
MOTHERSON.NS,SUNDRMFAST.NS,GABRIEL.NS,auto_ancillary,0,False,False,13.1613,29.7961,3.5925,15.4943,1.0,-1.167356,0.339274,,False
MOTHERSON.NS,ENDURANCE.NS,TIINDIA.NS,auto_ancillary,0,False,False,21.968,29.7961,7.0774,15.4943,1.0,-1.32336,-0.039896,,False
MOTHERSON.NS,ENDURANCE.NS,EXIDEIND.NS,auto_ancillary,0,False,False,19.801,29.7961,2.6619,15.4943,1.0,-1.592241,0.295613,,False
MOTHERSON.NS,ENDURANCE.NS,MINDACORP.NS,auto_ancillary,0,False,False,24.1343,29.7961,7.3561,15.4943,1.0,-1.251772,-0.039324,,False
MOTHERSON.NS,ENDURANCE.NS,SUPRAJIT.NS,auto_ancillary,1,True,False,34.0059,29.7961,15.4664,15.4943,1.0,0.498269,-1.291685,34.93,True
MOTHERSON.NS,ENDURANCE.NS,GABRIEL.NS,auto_ancillary,0,False,False,25.1341,29.7961,3.8145,15.4943,1.0,-1.782636,0.272649,,False
MOTHERSON.NS,TIINDIA.NS,EXIDEIND.NS,auto_ancillary,0,False,False,18.222,29.7961,3.1655,15.4943,1.0,-0.486141,0.014205,,False
MOTHERSON.NS,TIINDIA.NS,MINDACORP.NS,auto_ancillary,0,False,False,22.4636,29.7961,10.1089,15.4943,1.0,-2.005942,2.198787,,False
MOTHERSON.NS,TIINDIA.NS,SUPRAJIT.NS,auto_ancillary,1,True,False,33.0508,29.7961,8.8186,15.4943,1.0,0.370732,-1.727819,24.9,True
MOTHERSON.NS,TIINDIA.NS,GABRIEL.NS,auto_ancillary,0,False,False,13.3745,29.7961,3.4914,15.4943,1.0,-0.684626,0.503323,,False
MOTHERSON.NS,EXIDEIND.NS,MINDACORP.NS,auto_ancillary,0,False,False,20.0872,29.7961,6.0602,15.4943,1.0,0.489366,-0.694338,,False
MOTHERSON.NS,EXIDEIND.NS,SUPRAJIT.NS,auto_ancillary,0,False,False,25.9078,29.7961,2.9638,15.4943,1.0,-0.039196,-0.967542,,False
MOTHERSON.NS,EXIDEIND.NS,GABRIEL.NS,auto_ancillary,0,False,False,23.8638,29.7961,3.7154,15.4943,1.0,3.960421,-2.570425,,False
MOTHERSON.NS,MINDACORP.NS,SUPRAJIT.NS,auto_ancillary,1,True,False,31.4963,29.7961,10.0608,15.4943,1.0,0.275066,-1.328577,22.85,True
MOTHERSON.NS,MINDACORP.NS,GABRIEL.NS,auto_ancillary,0,False,False,17.3592,29.7961,5.5998,15.4943,1.0,-1.159786,0.957367,,False
MOTHERSON.NS,SUPRAJIT.NS,GABRIEL.NS,auto_ancillary,0,False,False,21.6328,29.7961,2.9083,15.4943,1.0,-1.06637,0.120285,,False
BHARATFORG.NS,BALKRISIND.NS,SCHAEFFLER.NS,auto_ancillary,0,False,False,22.5639,29.7961,10.4486,15.4943,1.0,-8.00247,3.694583,,False
BHARATFORG.NS,BALKRISIND.NS,SUNDRMFAST.NS,auto_ancillary,0,False,False,29.3966,29.7961,12.4138,15.4943,1.0,-0.161976,-0.739598,,False
BHARATFORG.NS,BALKRISIND.NS,ENDURANCE.NS,auto_ancillary,0,False,False,28.9032,29.7961,12.9707,15.4943,1.0,0.053127,-1.690235,,False
BHARATFORG.NS,BALKRISIND.NS,TIINDIA.NS,auto_ancillary,0,False,False,23.4504,29.7961,10.5651,15.4943,1.0,0.176119,-0.516796,,False
BHARATFORG.NS,BALKRISIND.NS,EXIDEIND.NS,auto_ancillary,0,False,False,24.871,29.7961,6.1646,15.4943,1.0,-0.707058,-0.752129,,False
BHARATFORG.NS,BALKRISIND.NS,MINDACORP.NS,auto_ancillary,0,False,False,25.0206,29.7961,13.8069,15.4943,1.0,-0.334247,-0.400584,,False
BHARATFORG.NS,BALKRISIND.NS,SUPRAJIT.NS,auto_ancillary,1,True,False,30.8561,29.7961,11.154,15.4943,1.0,0.988004,-2.032982,44.07,True
BHARATFORG.NS,BALKRISIND.NS,GABRIEL.NS,auto_ancillary,1,True,False,33.448,29.7961,7.0068,15.4943,1.0,-0.49173,-0.485758,26.19,True
BHARATFORG.NS,SCHAEFFLER.NS,SUNDRMFAST.NS,auto_ancillary,0,False,False,27.4925,29.7961,8.3491,15.4943,1.0,0.186468,-1.12248,,False
BHARATFORG.NS,SCHAEFFLER.NS,ENDURANCE.NS,auto_ancillary,1,True,False,31.9341,29.7961,7.4432,15.4943,1.0,-0.246322,-1.001125,16.74,True
BHARATFORG.NS,SCHAEFFLER.NS,TIINDIA.NS,auto_ancillary,0,False,False,24.0192,29.7961,8.6641,15.4943,1.0,0.59308,-0.871807,,False
BHARATFORG.NS,SCHAEFFLER.NS,EXIDEIND.NS,auto_ancillary,0,False,False,24.1644,29.7961,4.3206,15.4943,1.0,-0.457798,-0.723037,,False
BHARATFORG.NS,SCHAEFFLER.NS,MINDACORP.NS,auto_ancillary,0,False,False,21.3502,29.7961,7.4952,15.4943,1.0,0.410363,-0.989023,,False
BHARATFORG.NS,SCHAEFFLER.NS,SUPRAJIT.NS,auto_ancillary,0,False,False,24.9778,29.7961,10.2494,15.4943,1.0,0.143185,-1.24451,,False
BHARATFORG.NS,SCHAEFFLER.NS,GABRIEL.NS,auto_ancillary,0,False,False,24.9061,29.7961,5.4609,15.4943,1.0,-0.249565,-0.530559,,False
BHARATFORG.NS,SUNDRMFAST.NS,ENDURANCE.NS,auto_ancillary,1,True,False,31.3186,29.7961,9.0473,15.4943,1.0,-0.570022,-0.543762,18.18,True
BHARATFORG.NS,SUNDRMFAST.NS,TIINDIA.NS,auto_ancillary,0,False,False,27.762,29.7961,11.4054,15.4943,1.0,-0.82818,-0.031237,,False
BHARATFORG.NS,SUNDRMFAST.NS,EXIDEIND.NS,auto_ancillary,0,False,False,25.8071,29.7961,3.7094,15.4943,1.0,-0.820674,-0.24316,,False
BHARATFORG.NS,SUNDRMFAST.NS,MINDACORP.NS,auto_ancillary,0,False,False,28.6274,29.7961,11.7257,15.4943,1.0,-1.086671,0.139554,,False
BHARATFORG.NS,SUNDRMFAST.NS,SUPRAJIT.NS,auto_ancillary,1,True,False,40.6832,29.7961,13.7227,15.4943,1.0,-2.206951,1.51009,17.15,True
BHARATFORG.NS,SUNDRMFAST.NS,GABRIEL.NS,auto_ancillary,0,False,False,28.2411,29.7961,4.4062,15.4943,1.0,-0.676046,-0.231291,,False
BHARATFORG.NS,ENDURANCE.NS,TIINDIA.NS,auto_ancillary,1,True,False,32.4836,29.7961,7.4927,15.4943,1.0,-0.792675,-0.225469,16.89,True
BHARATFORG.NS,ENDURANCE.NS,EXIDEIND.NS,auto_ancillary,0,False,False,18.5155,29.7961,2.732,15.4943,1.0,-1.325642,-0.22576,,False
BHARATFORG.NS,ENDURANCE.NS,MINDACORP.NS,auto_ancillary,1,True,False,32.3464,29.7961,6.7615,15.4943,1.0,-0.849633,-0.3023,16.04,True
BHARATFORG.NS,ENDURANCE.NS,SUPRAJIT.NS,auto_ancillary,1,True,False,31.3754,29.7961,14.9216,15.4943,1.0,33.254523,-23.005958,34.04,True
BHARATFORG.NS,ENDURANCE.NS,GABRIEL.NS,auto_ancillary,0,False,False,25.9942,29.7961,6.1046,15.4943,1.0,-0.962812,-0.323954,,False
BHARATFORG.NS,TIINDIA.NS,EXIDEIND.NS,auto_ancillary,0,False,False,24.1737,29.7961,3.3736,15.4943,1.0,-0.40369,-0.425764,,False
BHARATFORG.NS,TIINDIA.NS,MINDACORP.NS,auto_ancillary,0,False,False,22.4578,29.7961,10.8589,15.4943,1.0,-0.940854,0.623264,,False
BHARATFORG.NS,TIINDIA.NS,SUPRAJIT.NS,auto_ancillary,0,False,False,26.7349,29.7961,11.8372,15.4943,1.0,0.328109,-1.689818,,False
BHARATFORG.NS,TIINDIA.NS,GABRIEL.NS,auto_ancillary,0,False,False,23.9798,29.7961,6.173,15.4943,1.0,-0.300578,-0.332105,,False
BHARATFORG.NS,EXIDEIND.NS,MINDACORP.NS,auto_ancillary,0,False,False,15.2701,29.7961,3.3768,15.4943,1.0,-0.091712,-0.589499,,False
BHARATFORG.NS,EXIDEIND.NS,SUPRAJIT.NS,auto_ancillary,0,False,False,25.6335,29.7961,2.1902,15.4943,1.0,-0.48869,-0.821334,,False
BHARATFORG.NS,EXIDEIND.NS,GABRIEL.NS,auto_ancillary,0,False,False,25.7437,29.7961,3.5621,15.4943,1.0,1.644291,-1.563518,,False
BHARATFORG.NS,MINDACORP.NS,SUPRAJIT.NS,auto_ancillary,0,False,False,26.1931,29.7961,10.3943,15.4943,1.0,-0.262798,-0.592075,,False
BHARATFORG.NS,MINDACORP.NS,GABRIEL.NS,auto_ancillary,0,False,False,19.0244,29.7961,7.9507,15.4943,1.0,-0.585947,-0.011113,,False
BHARATFORG.NS,SUPRAJIT.NS,GABRIEL.NS,auto_ancillary,1,True,False,31.137,29.7961,4.3139,15.4943,1.0,-0.630343,-0.357894,17.56,True
BALKRISIND.NS,SCHAEFFLER.NS,SUNDRMFAST.NS,auto_ancillary,0,False,False,23.63,29.7961,10.2008,15.4943,1.0,-0.372317,-0.262567,,False
BALKRISIND.NS,SCHAEFFLER.NS,ENDURANCE.NS,auto_ancillary,0,False,False,27.1536,29.7961,13.0633,15.4943,1.0,-0.317081,-0.935928,,False
BALKRISIND.NS,SCHAEFFLER.NS,TIINDIA.NS,auto_ancillary,1,True,False,35.3523,29.7961,12.5487,15.4943,1.0,0.683367,-0.914309,27.49,True
BALKRISIND.NS,SCHAEFFLER.NS,EXIDEIND.NS,auto_ancillary,0,False,False,19.2833,29.7961,7.5458,15.4943,1.0,-0.499957,-0.329262,,False
BALKRISIND.NS,SCHAEFFLER.NS,MINDACORP.NS,auto_ancillary,0,False,False,28.1544,29.7961,12.7227,15.4943,1.0,-0.93876,0.522903,,False
BALKRISIND.NS,SCHAEFFLER.NS,SUPRAJIT.NS,auto_ancillary,1,True,False,32.7893,29.7961,15.3701,15.4943,1.0,0.110113,-1.239586,59.66,True
BALKRISIND.NS,SCHAEFFLER.NS,GABRIEL.NS,auto_ancillary,0,False,False,18.1443,29.7961,6.7188,15.4943,1.0,-0.422776,-0.148942,,False
BALKRISIND.NS,SUNDRMFAST.NS,ENDURANCE.NS,auto_ancillary,0,False,False,24.8431,29.7961,12.245,15.4943,1.0,0.151203,-1.971849,,False
BALKRISIND.NS,SUNDRMFAST.NS,TIINDIA.NS,auto_ancillary,0,False,False,24.1107,29.7961,11.6856,15.4943,1.0,2.321102,-1.630315,,False
BALKRISIND.NS,SUNDRMFAST.NS,EXIDEIND.NS,auto_ancillary,0,False,False,17.5376,29.7961,6.6948,15.4943,1.0,-1.117205,0.444317,,False
BALKRISIND.NS,SUNDRMFAST.NS,MINDACORP.NS,auto_ancillary,0,False,False,25.503,29.7961,13.2577,15.4943,1.0,2.664318,-2.329011,,False
BALKRISIND.NS,SUNDRMFAST.NS,SUPRAJIT.NS,auto_ancillary,1,True,False,39.2809,29.7961,12.3197,15.4943,1.0,2.219393,-3.574383,24.79,True
BALKRISIND.NS,SUNDRMFAST.NS,GABRIEL.NS,auto_ancillary,0,False,False,17.8888,29.7961,6.6006,15.4943,1.0,-1.250123,0.401463,,False
BALKRISIND.NS,ENDURANCE.NS,TIINDIA.NS,auto_ancillary,0,False,False,24.7939,29.7961,12.0092,15.4943,1.0,-1.011581,-0.21259,,False
BALKRISIND.NS,ENDURANCE.NS,EXIDEIND.NS,auto_ancillary,0,False,False,22.0457,29.7961,5.9665,15.4943,1.0,-1.977871,0.754135,,False
BALKRISIND.NS,ENDURANCE.NS,MINDACORP.NS,auto_ancillary,0,False,False,24.6476,29.7961,11.9329,15.4943,1.0,-1.553784,-0.14223,,False
BALKRISIND.NS,ENDURANCE.NS,SUPRAJIT.NS,auto_ancillary,1,True,False,38.9284,29.7961,15.0837,15.4943,1.0,1.375499,-1.927759,42.43,True
BALKRISIND.NS,ENDURANCE.NS,GABRIEL.NS,auto_ancillary,0,False,False,23.3292,29.7961,6.9358,15.4943,1.0,-2.198947,0.463621,,False
BALKRISIND.NS,TIINDIA.NS,EXIDEIND.NS,auto_ancillary,0,False,False,17.3666,29.7961,6.075,15.4943,1.0,-0.591591,0.444702,,False
BALKRISIND.NS,TIINDIA.NS,MINDACORP.NS,auto_ancillary,1,True,False,31.1495,29.7961,13.0311,15.4943,1.0,-0.96254,0.787297,29.75,True
BALKRISIND.NS,TIINDIA.NS,SUPRAJIT.NS,auto_ancillary,0,False,False,29.6168,29.7961,12.1192,15.4943,1.0,0.409644,-2.057203,,False
BALKRISIND.NS,TIINDIA.NS,GABRIEL.NS,auto_ancillary,0,False,False,21.9921,29.7961,5.8259,15.4943,1.0,-0.693793,0.521259,,False
BALKRISIND.NS,EXIDEIND.NS,MINDACORP.NS,auto_ancillary,0,False,False,18.4875,29.7961,7.9386,15.4943,1.0,0.771231,-0.675717,,False
BALKRISIND.NS,EXIDEIND.NS,SUPRAJIT.NS,auto_ancillary,0,False,False,23.3559,29.7961,5.7305,15.4943,1.0,0.268788,-1.166322,,False
BALKRISIND.NS,EXIDEIND.NS,GABRIEL.NS,auto_ancillary,0,False,False,23.2807,29.7961,7.5965,15.4943,1.0,4.467657,-2.908451,,False
BALKRISIND.NS,MINDACORP.NS,SUPRAJIT.NS,auto_ancillary,1,True,False,31.7304,29.7961,13.9189,15.4943,1.0,0.302324,-1.556422,45.91,True
BALKRISIND.NS,MINDACORP.NS,GABRIEL.NS,auto_ancillary,0,False,False,21.0594,29.7961,8.5151,15.4943,1.0,-1.186164,1.008893,,False
BALKRISIND.NS,SUPRAJIT.NS,GABRIEL.NS,auto_ancillary,0,False,False,24.6101,29.7961,5.8479,15.4943,1.0,-1.262228,0.213248,,False
SCHAEFFLER.NS,SUNDRMFAST.NS,ENDURANCE.NS,auto_ancillary,0,False,False,27.5814,29.7961,7.9748,15.4943,1.0,-2.611788,2.364079,,False
SCHAEFFLER.NS,SUNDRMFAST.NS,TIINDIA.NS,auto_ancillary,0,False,False,22.7606,29.7961,9.2335,15.4943,1.0,1.3127,-1.398517,,False
SCHAEFFLER.NS,SUNDRMFAST.NS,EXIDEIND.NS,auto_ancillary,0,False,False,17.5634,29.7961,3.6566,15.4943,1.0,-1.736725,1.020753,,False
SCHAEFFLER.NS,SUNDRMFAST.NS,MINDACORP.NS,auto_ancillary,0,False,False,25.3183,29.7961,12.4775,15.4943,1.0,3.485249,-3.400081,,False
SCHAEFFLER.NS,SUNDRMFAST.NS,SUPRAJIT.NS,auto_ancillary,1,True,False,32.4715,29.7961,9.8408,15.4943,1.0,-11.714006,11.93743,21.18,True
SCHAEFFLER.NS,SUNDRMFAST.NS,GABRIEL.NS,auto_ancillary,0,False,False,14.854,29.7961,3.5653,15.4943,1.0,-2.044435,0.627824,,False
SCHAEFFLER.NS,ENDURANCE.NS,TIINDIA.NS,auto_ancillary,0,False,False,22.9009,29.7961,8.9633,15.4943,1.0,1.194811,-1.031025,,False
SCHAEFFLER.NS,ENDURANCE.NS,EXIDEIND.NS,auto_ancillary,0,False,False,19.8885,29.7961,4.721,15.4943,1.0,-4.493982,2.876944,,False
SCHAEFFLER.NS,ENDURANCE.NS,MINDACORP.NS,auto_ancillary,0,False,False,20.0537,29.7961,7.8845,15.4943,1.0,1.529487,-1.478987,,False
SCHAEFFLER.NS,ENDURANCE.NS,SUPRAJIT.NS,auto_ancillary,1,True,False,34.2225,29.7961,10.0579,15.4943,1.0,3.170831,-3.545236,19.72,True
SCHAEFFLER.NS,ENDURANCE.NS,GABRIEL.NS,auto_ancillary,0,False,False,22.0351,29.7961,5.5189,15.4943,1.0,-359.685534,185.954224,,False
SCHAEFFLER.NS,TIINDIA.NS,EXIDEIND.NS,auto_ancillary,0,False,False,15.5252,29.7961,3.4232,15.4943,1.0,-0.842881,0.588121,,False
SCHAEFFLER.NS,TIINDIA.NS,MINDACORP.NS,auto_ancillary,0,False,False,22.7512,29.7961,9.3695,15.4943,1.0,-0.82572,0.053706,,False
SCHAEFFLER.NS,TIINDIA.NS,SUPRAJIT.NS,auto_ancillary,0,False,False,25.8146,29.7961,11.4219,15.4943,1.0,-1.428152,1.583557,,False
SCHAEFFLER.NS,TIINDIA.NS,GABRIEL.NS,auto_ancillary,0,False,False,17.0244,29.7961,5.4284,15.4943,1.0,-0.980976,0.47514,,False
SCHAEFFLER.NS,EXIDEIND.NS,MINDACORP.NS,auto_ancillary,0,False,False,25.0865,29.7961,2.8252,15.4943,1.0,0.85279,-1.193464,,False
SCHAEFFLER.NS,EXIDEIND.NS,SUPRAJIT.NS,auto_ancillary,0,False,False,19.8219,29.7961,3.8313,15.4943,1.0,0.330546,-1.665699,,False
SCHAEFFLER.NS,EXIDEIND.NS,GABRIEL.NS,auto_ancillary,0,False,False,25.1165,29.7961,2.8619,15.4943,1.0,4.195753,-2.972207,,False
SCHAEFFLER.NS,MINDACORP.NS,SUPRAJIT.NS,auto_ancillary,0,False,False,21.4424,29.7961,9.0509,15.4943,1.0,1.187828,-3.838498,,False
SCHAEFFLER.NS,MINDACORP.NS,GABRIEL.NS,auto_ancillary,0,False,False,23.6267,29.7961,3.9052,15.4943,1.0,-1.466563,0.692559,,False
SCHAEFFLER.NS,SUPRAJIT.NS,GABRIEL.NS,auto_ancillary,0,False,False,19.7742,29.7961,4.7945,15.4943,1.0,-1.66401,0.045075,,False
SUNDRMFAST.NS,ENDURANCE.NS,TIINDIA.NS,auto_ancillary,0,False,False,22.7419,29.7961,8.0738,15.4943,1.0,-0.647008,-0.331311,,False
SUNDRMFAST.NS,ENDURANCE.NS,EXIDEIND.NS,auto_ancillary,0,False,False,15.9096,29.7961,3.6513,15.4943,1.0,-1.669174,0.167692,,False
SUNDRMFAST.NS,ENDURANCE.NS,MINDACORP.NS,auto_ancillary,0,False,False,24.556,29.7961,8.5369,15.4943,1.0,-0.662081,-0.452153,,False
SUNDRMFAST.NS,ENDURANCE.NS,SUPRAJIT.NS,auto_ancillary,1,True,False,37.8485,29.7961,11.1483,15.4943,1.0,0.517318,-1.46174,20.49,True
SUNDRMFAST.NS,ENDURANCE.NS,GABRIEL.NS,auto_ancillary,0,False,False,16.2377,29.7961,4.8643,15.4943,1.0,-1.77017,0.088198,,False
SUNDRMFAST.NS,TIINDIA.NS,EXIDEIND.NS,auto_ancillary,0,False,False,15.1378,29.7961,3.6109,15.4943,1.0,-0.511511,-0.114848,,False
SUNDRMFAST.NS,TIINDIA.NS,MINDACORP.NS,auto_ancillary,0,False,False,25.9332,29.7961,11.2551,15.4943,1.0,-3.033761,3.518391,,False
SUNDRMFAST.NS,TIINDIA.NS,SUPRAJIT.NS,auto_ancillary,1,True,False,31.7155,29.7961,10.8359,15.4943,1.0,-0.034683,-1.054118,21.22,True
SUNDRMFAST.NS,TIINDIA.NS,GABRIEL.NS,auto_ancillary,0,False,False,16.3077,29.7961,5.1439,15.4943,1.0,-0.533166,0.027515,,False
SUNDRMFAST.NS,EXIDEIND.NS,MINDACORP.NS,auto_ancillary,0,False,False,16.2245,29.7961,4.1224,15.4943,1.0,0.148675,-0.729246,,False
SUNDRMFAST.NS,EXIDEIND.NS,SUPRAJIT.NS,auto_ancillary,1,True,False,35.4769,29.7961,2.5728,15.4943,1.0,-0.330003,-1.00541,15.61,True
SUNDRMFAST.NS,EXIDEIND.NS,GABRIEL.NS,auto_ancillary,0,False,False,19.6602,29.7961,3.3874,15.4943,1.0,2.87736,-2.184465,,False
SUNDRMFAST.NS,MINDACORP.NS,SUPRAJIT.NS,auto_ancillary,1,True,False,34.0923,29.7961,10.8025,15.4943,1.0,-0.201317,-0.826015,21.66,True
SUNDRMFAST.NS,MINDACORP.NS,GABRIEL.NS,auto_ancillary,0,False,False,19.2351,29.7961,5.0779,15.4943,1.0,-1.020259,0.459507,,False
SUNDRMFAST.NS,SUPRAJIT.NS,GABRIEL.NS,auto_ancillary,1,True,False,32.5985,29.7961,2.8797,15.4943,1.0,-0.916472,-0.211503,15.6,True
ENDURANCE.NS,TIINDIA.NS,EXIDEIND.NS,auto_ancillary,0,False,False,15.2916,29.7961,3.3,15.4943,1.0,-0.302064,-0.195186,,False
ENDURANCE.NS,TIINDIA.NS,MINDACORP.NS,auto_ancillary,0,False,False,19.3162,29.7961,8.0333,15.4943,1.0,-2.137383,2.423442,,False
ENDURANCE.NS,TIINDIA.NS,SUPRAJIT.NS,auto_ancillary,1,True,False,31.8229,29.7961,8.4281,15.4943,1.0,0.307213,-1.301578,25.08,True
ENDURANCE.NS,TIINDIA.NS,GABRIEL.NS,auto_ancillary,0,False,False,15.3934,29.7961,5.7543,15.4943,1.0,-0.32432,0.020174,,False
ENDURANCE.NS,EXIDEIND.NS,MINDACORP.NS,auto_ancillary,0,False,False,11.8191,29.7961,3.7547,15.4943,1.0,0.005159,-0.367055,,False
ENDURANCE.NS,EXIDEIND.NS,SUPRAJIT.NS,auto_ancillary,0,False,False,22.7404,29.7961,2.5686,15.4943,1.0,-0.22108,-0.603815,,False
ENDURANCE.NS,EXIDEIND.NS,GABRIEL.NS,auto_ancillary,0,False,False,19.19,29.7961,3.3433,15.4943,1.0,1.776711,-1.373695,,False
ENDURANCE.NS,MINDACORP.NS,SUPRAJIT.NS,auto_ancillary,0,False,False,29.0318,29.7961,9.0003,15.4943,1.0,0.26804,-1.073229,,False
ENDURANCE.NS,MINDACORP.NS,GABRIEL.NS,auto_ancillary,0,False,False,17.4249,29.7961,7.7819,15.4943,1.0,1.804918,-2.916323,,False
ENDURANCE.NS,SUPRAJIT.NS,GABRIEL.NS,auto_ancillary,0,False,False,23.7268,29.7961,5.2402,15.4943,1.0,-0.585599,-0.084318,,False
TIINDIA.NS,EXIDEIND.NS,MINDACORP.NS,auto_ancillary,0,False,False,15.8436,29.7961,3.2766,15.4943,1.0,0.75417,-1.463466,,False
TIINDIA.NS,EXIDEIND.NS,SUPRAJIT.NS,auto_ancillary,0,False,False,18.7422,29.7961,2.1866,15.4943,1.0,-0.220193,-1.991809,,False
TIINDIA.NS,EXIDEIND.NS,GABRIEL.NS,auto_ancillary,0,False,False,27.264,29.7961,4.284,15.4943,1.0,5.212997,-3.89305,,False
TIINDIA.NS,MINDACORP.NS,SUPRAJIT.NS,auto_ancillary,0,False,False,23.602,29.7961,10.0006,15.4943,1.0,-0.732018,-1.000112,,False
TIINDIA.NS,MINDACORP.NS,GABRIEL.NS,auto_ancillary,0,False,False,21.3403,29.7961,6.747,15.4943,1.0,-2.305321,1.400116,,False
TIINDIA.NS,SUPRAJIT.NS,GABRIEL.NS,auto_ancillary,0,False,False,18.4721,29.7961,3.8157,15.4943,1.0,-1.803088,-0.338224,,False
EXIDEIND.NS,MINDACORP.NS,SUPRAJIT.NS,auto_ancillary,0,False,False,18.4228,29.7961,2.5029,15.4943,1.0,-1.359085,1.775868,,False
EXIDEIND.NS,MINDACORP.NS,GABRIEL.NS,auto_ancillary,0,False,False,23.7915,29.7961,2.4022,15.4943,1.0,0.357135,-0.901432,,False
EXIDEIND.NS,SUPRAJIT.NS,GABRIEL.NS,auto_ancillary,0,False,False,20.7771,29.7961,1.9531,15.4943,1.0,0.350459,-0.712626,,False
MINDACORP.NS,SUPRAJIT.NS,GABRIEL.NS,auto_ancillary,0,False,False,22.6071,29.7961,4.0918,15.4943,1.0,-0.905969,-0.654154,,False
